date,order_id,symbol,side,quantity,price,amount,commission,stamp_tax,slippage,total_cost,net_proceeds
2022-04-01 00:00:00,ORD000001,002463,buy,1900,13.11,24909.0,7.4727,0.0,24.909,32.381699999999995,-24876.618300000002
2022-04-01 00:00:00,ORD000002,300059,buy,1200,25.21,30252.0,9.0756,0.0,30.252,39.3276,-30212.6724
2022-04-01 00:00:00,ORD000003,000807,buy,2300,13.46,30958.000000000004,9.2874,0.0,30.958000000000006,40.245400000000004,-30917.754600000004
2022-04-01 00:00:00,ORD000004,000977,buy,1000,26.9,26900.0,8.069999999999999,0.0,26.900000000000002,34.97,-26865.03
2022-04-01 00:00:00,ORD000005,300274,buy,200,106.2,21240.0,6.371999999999999,0.0,21.240000000000002,27.612000000000002,-21212.388
2022-04-01 00:00:00,ORD000006,300418,buy,1900,16.9,32109.999999999996,9.632999999999997,0.0,32.11,41.742999999999995,-32068.256999999994
2022-04-01 00:00:00,ORD000007,300803,buy,700,40.2,28140.000000000004,8.442,0.0,28.140000000000004,36.58200000000001,-28103.418000000005
2022-04-01 00:00:00,ORD000008,300251,buy,3500,8.13,28455.000000000004,8.5365,0.0,28.455000000000005,36.9915,-28418.008500000004
2022-04-01 00:00:00,ORD000009,600011,buy,3800,6.84,25992.0,7.797599999999999,0.0,25.992,33.7896,-25958.2104
2022-04-01 00:00:00,ORD000010,000975,buy,3600,9.39,33804.0,10.1412,0.0,33.804,43.9452,-33760.054800000005
2022-04-01 00:00:00,ORD000011,000999,buy,900,44.19,39771.0,11.931299999999998,0.0,39.771,51.7023,-39719.2977
2022-04-01 00:00:00,ORD000012,002050,buy,1600,16.46,26336.0,7.900799999999999,0.0,26.336000000000002,34.2368,-26301.7632
2022-04-01 00:00:00,ORD000013,300433,buy,2200,11.57,25454.0,7.6362,0.0,25.454,33.0902,-25420.909799999998
2022-04-01 00:00:00,ORD000014,002837,buy,800,35.21,28168.0,8.4504,0.0,28.168,36.6184,-28131.381599999997
2022-04-01 00:00:00,ORD000015,002920,buy,200,126.3,25260.0,7.577999999999999,0.0,25.26,32.838,-25227.162
2022-04-01 00:00:00,ORD000016,002594,buy,100,226.79,22679.0,6.803699999999999,0.0,22.679000000000002,29.4827,-22649.5173
2022-04-01 00:00:00,ORD000017,000630,buy,8400,3.68,30912.0,9.2736,0.0,30.912,40.1856,-30871.8144
2022-04-01 00:00:00,ORD000018,600026,buy,5200,6.41,33332.0,9.9996,0.0,33.332,43.3316,-33288.668399999995
2022-04-01 00:00:00,ORD000019,300413,buy,900,30.8,27720.0,8.315999999999999,0.0,27.72,36.036,-27683.964
2022-04-01 00:00:00,ORD000020,300124,buy,500,56.63,28315.0,8.494499999999999,0.0,28.315,36.8095,-28278.1905
2022-04-01 00:00:00,ORD000021,300014,buy,300,80.47,24141.0,7.242299999999999,0.0,24.141000000000002,31.383300000000002,-24109.6167
2022-04-01 00:00:00,ORD000022,002602,buy,5000,6.24,31200.0,9.36,0.0,31.2,40.56,-31159.44
2022-04-01 00:00:00,ORD000023,300450,buy,400,59.59,23836.0,7.150799999999999,0.0,23.836000000000002,30.986800000000002,-23805.0132
2022-04-01 00:00:00,ORD000024,000776,buy,1700,17.49,29732.999999999996,8.919899999999998,0.0,29.732999999999997,38.652899999999995,-29694.347099999995
2022-04-01 00:00:00,ORD000025,002475,buy,700,31.69,22183.0,6.6549,0.0,22.183,28.837899999999998,-22154.162099999998
2022-04-01 00:00:00,ORD000026,002371,buy,100,273.0,27300.0,8.19,0.0,27.3,35.49,-27264.510000000002
2022-04-01 00:00:00,ORD000027,300316,buy,500,60.01,30005.0,9.0015,0.0,30.005,39.0065,-29965.9935
2022-04-01 00:00:00,ORD000028,300033,buy,300,95.0,28500.0,8.549999999999999,0.0,28.5,37.05,-28462.95
2022-04-01 00:00:00,ORD000029,002558,buy,3400,10.0,34000.0,10.2,0.0,34.0,44.2,-33955.8
2022-05-05 00:00:00,ORD000030,601077,buy,1400,3.86,5404.0,5.0,0.0,5.404,10.404,-5393.596
2022-05-05 00:00:00,ORD000031,601398,buy,1200,4.78,5736.0,5.0,0.0,5.736,10.736,-5725.264
2022-05-05 00:00:00,ORD000032,002463,buy,400,12.97,5188.0,5.0,0.0,5.188,10.187999999999999,-5177.812
2022-05-05 00:00:00,ORD000033,601881,buy,500,9.17,4585.0,5.0,0.0,4.585,9.585,-4575.415
2022-05-05 00:00:00,ORD000034,601825,buy,900,6.09,5481.0,5.0,0.0,5.481,10.481,-5470.519
2022-05-05 00:00:00,ORD000035,000895,buy,200,29.47,5894.0,5.0,0.0,5.894,10.894,-5883.106
2022-05-05 00:00:00,ORD000036,000807,buy,400,10.26,4104.0,5.0,0.0,4.104,9.104,-4094.896
2022-05-05 00:00:00,ORD000037,000657,buy,500,9.8,4900.0,5.0,0.0,4.9,9.9,-4890.1
2022-05-05 00:00:00,ORD000038,601288,buy,1900,3.07,5833.0,5.0,0.0,5.833,10.833,-5822.167
2022-05-05 00:00:00,ORD000039,601939,buy,900,6.08,5472.0,5.0,0.0,5.472,10.472000000000001,-5461.528
2022-05-05 00:00:00,ORD000040,002027,buy,900,5.8,5220.0,5.0,0.0,5.22,10.219999999999999,-5209.78
2022-05-05 00:00:00,ORD000041,000063,buy,200,24.0,4800.0,5.0,0.0,4.8,9.8,-4790.2
2022-05-05 00:00:00,ORD000042,000975,buy,600,9.15,5490.0,5.0,0.0,5.49,10.49,-5479.51
2022-05-05 00:00:00,ORD000043,601169,buy,1200,4.56,5471.999999999999,5.0,0.0,5.4719999999999995,10.472,-5461.527999999999
2022-05-05 00:00:00,ORD000044,000630,buy,1600,3.49,5584.0,5.0,0.0,5.5840000000000005,10.584,-5573.416
2022-05-05 00:00:00,ORD000045,002532,buy,700,6.79,4753.0,5.0,0.0,4.753,9.753,-4743.247
2022-05-05 00:00:00,ORD000046,300832,buy,100,40.05,4004.9999999999995,5.0,0.0,4.005,9.004999999999999,-3995.9949999999994
2022-05-05 00:00:00,ORD000047,300015,buy,100,35.7,3570.0000000000005,5.0,0.0,3.5700000000000007,8.57,-3561.4300000000003
2022-05-05 00:00:00,ORD000048,300394,buy,200,21.77,4354.0,5.0,0.0,4.354,9.354,-4344.646
2022-05-05 00:00:00,ORD000049,002241,buy,100,35.3,3529.9999999999995,5.0,0.0,3.53,8.53,-3521.4699999999993
2022-05-05 00:00:00,ORD000050,002493,buy,400,13.72,5488.0,5.0,0.0,5.488,10.488,-5477.512
2022-05-05 00:00:00,ORD000051,000708,buy,300,18.04,5412.0,5.0,0.0,5.412,10.411999999999999,-5401.588
2022-05-05 00:00:00,ORD000052,001979,buy,300,15.71,4713.0,5.0,0.0,4.713,9.713000000000001,-4703.287
2022-05-05 00:00:00,ORD000053,002353,buy,100,31.3,3130.0,5.0,0.0,3.13,8.129999999999999,-3121.87
2022-05-05 00:00:00,ORD000054,000963,buy,100,33.8,3379.9999999999995,5.0,0.0,3.3799999999999994,8.379999999999999,-3371.6199999999994
2022-05-05 00:00:00,ORD000055,601988,buy,1800,3.24,5832.0,5.0,0.0,5.832,10.832,-5821.168
2022-05-05 00:00:00,ORD000056,601728,buy,1400,3.88,5432.0,5.0,0.0,5.432,10.432,-5421.568
2022-06-01 00:00:00,ORD000057,002463,sell,1900,15.65,29735.0,8.920499999999999,14.8675,29.735,53.522999999999996,29681.477
2022-06-01 00:00:00,ORD000058,300059,sell,1200,22.62,27144.0,8.143199999999998,13.572000000000001,27.144000000000002,48.8592,27095.1408
2022-06-01 00:00:00,ORD000059,000807,sell,2300,11.26,25898.0,7.769399999999999,12.949,25.898,46.6164,25851.383599999997
2022-06-01 00:00:00,ORD000060,000977,sell,1000,24.6,24600.0,7.379999999999999,12.3,24.6,44.28,24555.72
2022-06-01 00:00:00,ORD000061,300274,sell,200,79.55,15910.0,5.0,7.955,15.91,28.865000000000002,15881.135
2022-06-01 00:00:00,ORD000062,300418,sell,1900,14.68,27892.0,8.3676,13.946,27.892,50.205600000000004,27841.7944
2022-06-01 00:00:00,ORD000063,300803,sell,700,41.81,29267.0,8.7801,14.6335,29.267,52.6806,29214.3194
2022-06-01 00:00:00,ORD000064,300251,sell,3500,7.78,27230.0,8.168999999999999,13.615,27.23,49.013999999999996,27180.985999999997
2022-06-01 00:00:00,ORD000065,600011,sell,3800,7.28,27664.0,8.299199999999999,13.832,27.664,49.7952,27614.2048
2022-06-01 00:00:00,ORD000066,000975,sell,3600,10.0,36000.0,10.799999999999999,18.0,36.0,64.8,35935.2
2022-06-01 00:00:00,ORD000067,000999,sell,900,43.71,39339.0,11.801699999999999,19.6695,39.339,70.8102,39268.18979999999
2022-06-01 00:00:00,ORD000068,002050,sell,1600,17.47,27952.0,8.385599999999998,13.976,27.952,50.3136,27901.6864
2022-06-01 00:00:00,ORD000069,300433,sell,2200,10.5,23100.0,6.93,11.55,23.1,41.58,23058.420000000002
2022-06-01 00:00:00,ORD000070,002837,sell,800,21.6,17280.0,5.183999999999999,8.64,17.28,31.104,17248.896
2022-06-01 00:00:00,ORD000071,002920,sell,200,127.23,25446.0,7.633799999999999,12.723,25.446,45.802800000000005,25400.1972
2022-06-01 00:00:00,ORD000072,002594,sell,100,298.0,29800.0,8.94,14.9,29.8,53.64,29746.36
2022-06-01 00:00:00,ORD000073,000630,sell,8400,3.21,26964.0,8.0892,13.482000000000001,26.964000000000002,48.5352,26915.4648
2022-06-01 00:00:00,ORD000074,600026,sell,5200,10.05,52260.00000000001,15.678,26.130000000000003,52.260000000000005,94.06800000000001,52165.93200000001
2022-06-01 00:00:00,ORD000075,300413,sell,900,35.86,32274.0,9.6822,16.137,32.274,58.0932,32215.9068
2022-06-01 00:00:00,ORD000076,300124,sell,500,60.99,30495.0,9.148499999999999,15.2475,30.495,54.891000000000005,30440.109
2022-06-01 00:00:00,ORD000077,002602,sell,5000,4.63,23150.0,6.944999999999999,11.575000000000001,23.150000000000002,41.67,23108.329999999998
2022-06-01 00:00:00,ORD000078,000776,sell,1700,17.03,28951.000000000004,8.6853,14.475500000000002,28.951000000000004,52.1118,28898.8882
2022-06-01 00:00:00,ORD000079,002475,sell,700,33.5,23450.0,7.034999999999999,11.725,23.45,42.209999999999994,23407.79
2022-06-01 00:00:00,ORD000080,002371,sell,100,267.0,26700.0,8.01,13.35,26.7,48.06,26651.940000000002
2022-06-01 00:00:00,ORD000081,300033,sell,300,85.0,25500.0,7.6499999999999995,12.75,25.5,45.9,25454.1
2022-06-01 00:00:00,ORD000082,002558,sell,3400,8.78,29851.999999999996,8.955599999999999,14.925999999999998,29.851999999999997,53.733599999999996,29798.266399999997
2022-06-01 00:00:00,ORD000083,000625,buy,100,14.3,1430.0,5.0,0.0,1.43,6.43,-1423.57
2022-06-01 00:00:00,ORD000084,000657,buy,100,13.53,1353.0,5.0,0.0,1.353,6.353,-1346.647
2022-06-01 00:00:00,ORD000085,002625,buy,100,15.63,1563.0,5.0,0.0,1.563,6.563,-1556.437
2022-06-01 00:00:00,ORD000086,000301,buy,100,15.42,1542.0,5.0,0.0,1.542,6.542,-1535.458
2022-06-01 00:00:00,ORD000087,002532,buy,200,7.09,1418.0,5.0,0.0,1.418,6.418,-1411.582
2022-06-01 00:00:00,ORD000088,002202,buy,100,12.26,1226.0,5.0,0.0,1.226,6.226,-1219.774
2022-06-01 00:00:00,ORD000089,600160,buy,100,11.68,1168.0,5.0,0.0,1.168,6.168,-1161.832
2022-07-01 00:00:00,ORD000090,002463,sell,400,14.76,5904.0,5.0,2.952,5.904,13.856,5890.143999999999
2022-07-01 00:00:00,ORD000091,000807,sell,400,9.83,3932.0,5.0,1.966,3.932,10.898,3921.1020000000003
2022-07-01 00:00:00,ORD000092,000975,sell,600,9.63,5778.000000000001,5.0,2.8890000000000007,5.778000000000001,13.667000000000002,5764.3330000000005
2022-07-01 00:00:00,ORD000093,000630,sell,1600,3.24,5184.0,5.0,2.592,5.184,12.776,5171.224
2022-07-01 00:00:00,ORD000094,300014,sell,300,97.9,29370.0,8.811,14.685,29.37,52.866,29317.134
2022-07-01 00:00:00,ORD000095,300450,sell,400,63.31,25324.0,7.597199999999999,12.662,25.324,45.583200000000005,25278.4168
2022-07-01 00:00:00,ORD000096,300316,sell,500,67.1,33550.0,10.065,16.775,33.55,60.38999999999999,33489.60999999999
2022-07-01 00:00:00,ORD000097,601077,sell,1400,3.7,5180.0,5.0,2.59,5.18,12.77,5167.23
2022-07-01 00:00:00,ORD000098,601398,sell,1200,4.77,5723.999999999999,5.0,2.8619999999999997,5.723999999999999,13.585999999999999,5710.413999999999
2022-07-01 00:00:00,ORD000099,601825,sell,900,6.28,5652.0,5.0,2.826,5.652,13.478000000000002,5638.522
2022-07-01 00:00:00,ORD000100,000895,sell,200,29.19,5838.0,5.0,2.919,5.838,13.757000000000001,5824.243
2022-07-01 00:00:00,ORD000101,000657,sell,500,14.95,7475.0,5.0,3.7375000000000003,7.4750000000000005,16.212500000000002,7458.787499999999
2022-07-01 00:00:00,ORD000102,601288,sell,1900,3.02,5738.0,5.0,2.869,5.738,13.607,5724.393
2022-07-01 00:00:00,ORD000103,601939,sell,900,6.07,5463.0,5.0,2.7315,5.463,13.194500000000001,5449.8055
2022-07-01 00:00:00,ORD000104,002027,sell,900,6.7,6030.0,5.0,3.015,6.03,14.045000000000002,6015.955
2022-07-01 00:00:00,ORD000105,000063,sell,200,25.45,5090.0,5.0,2.545,5.09,12.635,5077.365
2022-07-01 00:00:00,ORD000106,002532,sell,700,6.5,4550.0,5.0,2.275,4.55,11.825,4538.175
2022-07-01 00:00:00,ORD000107,300832,sell,100,44.81,4481.0,5.0,2.2405,4.481,11.721499999999999,4469.2785
2022-07-01 00:00:00,ORD000108,300015,sell,100,44.76,4476.0,5.0,2.238,4.476,11.713999999999999,4464.286
2022-07-01 00:00:00,ORD000109,300394,sell,200,26.8,5360.0,5.0,2.68,5.36,13.04,5346.96
2022-07-01 00:00:00,ORD000110,002241,sell,100,33.9,3390.0,5.0,1.695,3.39,10.085,3379.915
2022-07-01 00:00:00,ORD000111,002493,sell,400,15.36,6144.0,5.0,3.072,6.144,14.216,6129.784
2022-07-01 00:00:00,ORD000112,000708,sell,300,20.15,6045.0,5.0,3.0225,6.045,14.0675,6030.9325
2022-07-01 00:00:00,ORD000113,001979,sell,300,13.42,4026.0,5.0,2.013,4.026,11.039,4014.9610000000002
2022-07-01 00:00:00,ORD000114,002353,sell,100,40.12,4011.9999999999995,5.0,2.006,4.012,11.018,4000.9819999999995
2022-07-01 00:00:00,ORD000115,000963,sell,100,46.0,4600.0,5.0,2.3000000000000003,4.6000000000000005,11.900000000000002,4588.099999999999
2022-07-01 00:00:00,ORD000116,601988,sell,1800,3.26,5868.0,5.0,2.934,5.868,13.802,5854.197999999999
2022-07-01 00:00:00,ORD000117,601728,sell,1400,3.72,5208.0,5.0,2.604,5.208,12.812000000000001,5195.188
2022-07-01 00:00:00,ORD000118,601881,buy,2800,9.69,27132.0,8.1396,0.0,27.132,35.2716,-27096.7284
2022-07-01 00:00:00,ORD000119,600061,buy,4100,6.35,26035.0,7.810499999999999,0.0,26.035,33.8455,-26001.1545
2022-07-01 00:00:00,ORD000120,600000,buy,3200,8.01,25632.0,7.6895999999999995,0.0,25.632,33.321600000000004,-25598.678399999997
2022-07-01 00:00:00,ORD000121,600221,buy,15300,1.58,24174.0,7.252199999999999,0.0,24.174,31.426199999999998,-24142.573800000002
2022-07-01 00:00:00,ORD000122,601618,buy,7200,3.5,25200.0,7.56,0.0,25.2,32.76,-25167.239999999998
2022-07-01 00:00:00,ORD000123,000333,buy,400,60.19,24076.0,7.222799999999999,0.0,24.076,31.2988,-24044.7012
2022-07-01 00:00:00,ORD000124,002736,buy,2700,9.55,25785.000000000004,7.7355,0.0,25.785000000000004,33.520500000000006,-25751.479500000005
2022-07-01 00:00:00,ORD000125,000157,buy,4300,6.19,26617.0,7.985099999999999,0.0,26.617,34.6021,-26582.3979
2022-07-01 00:00:00,ORD000126,600015,buy,4700,5.21,24487.0,7.346099999999999,0.0,24.487000000000002,31.8331,-24455.1669
2022-07-01 00:00:00,ORD000127,601229,buy,3900,6.55,25545.0,7.663499999999999,0.0,25.545,33.2085,-25511.791500000003
2022-07-01 00:00:00,ORD000128,601901,buy,4000,6.71,26840.0,8.052,0.0,26.84,34.891999999999996,-26805.108
2022-07-01 00:00:00,ORD000129,601916,buy,7800,3.32,25896.0,7.7688,0.0,25.896,33.6648,-25862.335199999998
2022-07-01 00:00:00,ORD000130,600515,buy,7500,3.37,25275.0,7.5825,0.0,25.275000000000002,32.8575,-25242.142499999998
2022-07-01 00:00:00,ORD000131,601169,buy,5700,4.54,25878.0,7.763399999999999,0.0,25.878,33.6414,-25844.3586
2022-07-01 00:00:00,ORD000132,000617,buy,5300,4.81,25492.999999999996,7.647899999999998,0.0,25.493,33.140899999999995,-25459.859099999998
2022-07-01 00:00:00,ORD000133,601766,buy,5000,5.2,26000.0,7.799999999999999,0.0,26.0,33.8,-25966.2
2022-07-01 00:00:00,ORD000134,300502,buy,900,26.08,23472.0,7.041599999999999,0.0,23.472,30.5136,-23441.486399999998
2022-07-01 00:00:00,ORD000135,600019,buy,3900,6.04,23556.0,7.0668,0.0,23.556,30.6228,-23525.3772
2022-07-01 00:00:00,ORD000136,002142,buy,700,35.81,25067.0,7.520099999999999,0.0,25.067,32.5871,-25034.4129
2022-07-01 00:00:00,ORD000137,600183,buy,1500,17.01,25515.000000000004,7.6545000000000005,0.0,25.515000000000004,33.169500000000006,-25481.830500000004
2022-07-01 00:00:00,ORD000138,000938,buy,1400,19.38,27132.0,8.1396,0.0,27.132,35.2716,-27096.7284
2022-07-01 00:00:00,ORD000139,601138,buy,2700,9.83,26541.0,7.962299999999999,0.0,26.541,34.503299999999996,-26506.4967
2022-07-01 00:00:00,ORD000140,605117,buy,100,278.0,27800.0,8.34,0.0,27.8,36.14,-27763.86
2022-07-01 00:00:00,ORD000141,600050,buy,7300,3.47,25331.0,7.5992999999999995,0.0,25.331,32.9303,-25298.0697
2022-07-01 00:00:00,ORD000142,000166,buy,6300,4.29,27027.0,8.108099999999999,0.0,27.027,35.1351,-26991.8649
2022-07-01 00:00:00,ORD000143,601816,buy,5200,5.02,26103.999999999996,7.831199999999998,0.0,26.103999999999996,33.935199999999995,-26070.064799999996
2022-07-01 00:00:00,ORD000144,601818,buy,8100,3.02,24462.0,7.3386,0.0,24.462,31.8006,-24430.1994
2022-07-01 00:00:00,ORD000145,600115,buy,5300,5.41,28673.0,8.601899999999999,0.0,28.673000000000002,37.2749,-28635.7251
2022-07-01 00:00:00,ORD000146,688008,buy,400,60.65,24260.0,7.278,0.0,24.26,31.538,-24228.462000000003
2022-08-01 00:00:00,ORD000147,601881,sell,500,8.68,4340.0,5.0,2.17,4.34,11.51,4328.49
2022-08-01 00:00:00,ORD000148,000657,sell,100,17.5,1750.0,5.0,0.875,1.75,7.625,1742.375
2022-08-01 00:00:00,ORD000149,002532,sell,200,8.02,1604.0,5.0,0.802,1.604,7.406,1596.594
2022-08-01 00:00:00,ORD000150,000625,sell,100,18.4,1839.9999999999998,5.0,0.9199999999999999,1.8399999999999999,7.76,1832.2399999999998
2022-08-01 00:00:00,ORD000151,002625,sell,100,18.2,1820.0,5.0,0.91,1.82,7.73,1812.27
2022-08-01 00:00:00,ORD000152,000301,sell,100,19.63,1963.0,5.0,0.9815,1.963,7.944500000000001,1955.0555
2022-08-01 00:00:00,ORD000153,002202,sell,100,14.77,1477.0,5.0,0.7385,1.477,7.2155000000000005,1469.7845
2022-08-01 00:00:00,ORD000154,600160,sell,100,17.56,1755.9999999999998,5.0,0.8779999999999999,1.7559999999999998,7.634,1748.3659999999998
2022-08-01 00:00:00,ORD000155,600039,buy,700,10.52,7364.0,5.0,0.0,7.364,12.364,-7351.636
2022-08-01 00:00:00,ORD000156,601398,buy,1600,4.37,6992.0,5.0,0.0,6.992,11.992,-6980.008
2022-08-01 00:00:00,ORD000157,600000,buy,900,7.26,6534.0,5.0,0.0,6.534,11.533999999999999,-6522.466
2022-08-01 00:00:00,ORD000158,601009,buy,700,10.31,7217.0,5.0,0.0,7.2170000000000005,12.217,-7204.783
2022-08-01 00:00:00,ORD000160,002736,buy,800,9.17,7336.0,5.0,0.0,7.336,12.336,-7323.664
2022-08-01 00:00:00,ORD000161,601229,buy,1200,5.96,7152.0,5.0,0.0,7.152,12.152000000000001,-7139.848
2022-08-01 00:00:00,ORD000162,688981,buy,100,40.07,4007.0,5.0,0.0,4.007,9.007,-3997.993
2022-08-01 00:00:00,ORD000163,000063,buy,300,24.18,7254.0,5.0,0.0,7.2540000000000004,12.254000000000001,-7241.746
2022-08-01 00:00:00,ORD000164,601916,buy,2400,3.24,7776.000000000001,5.0,0.0,7.776000000000001,12.776,-7763.224000000001
2022-08-01 00:00:00,ORD000165,688396,buy,100,50.2,5020.0,5.0,0.0,5.0200000000000005,10.02,-5009.98
2022-08-01 00:00:00,ORD000166,600585,buy,200,32.43,6486.0,5.0,0.0,6.486,11.486,-6474.514
2022-08-01 00:00:00,ORD000167,601727,buy,1900,4.44,8436.0,5.0,0.0,8.436,13.436,-8422.564
2022-08-01 00:00:00,ORD000168,601169,buy,1700,4.16,7072.0,5.0,0.0,7.072,12.072,-7059.928
2022-08-01 00:00:00,ORD000169,601766,buy,1500,5.15,7725.000000000001,5.0,0.0,7.725000000000001,12.725000000000001,-7712.275000000001
2022-08-01 00:00:00,ORD000170,600886,buy,700,10.31,7217.0,5.0,0.0,7.2170000000000005,12.217,-7204.783
2022-08-01 00:00:00,ORD000171,001965,buy,1000,7.3,7300.0,5.0,0.0,7.3,12.3,-7287.7
2022-08-01 00:00:00,ORD000172,601328,buy,1600,4.62,7392.0,5.0,0.0,7.392,12.392,-7379.608
2022-08-01 00:00:00,ORD000173,600111,buy,200,31.03,6206.0,5.0,0.0,6.206,11.206,-6194.794
2022-08-01 00:00:00,ORD000174,600900,buy,300,23.88,7164.0,5.0,0.0,7.164000000000001,12.164000000000001,-7151.836
2022-08-01 00:00:00,ORD000175,600346,buy,300,20.18,6054.0,5.0,0.0,6.054,11.054,-6042.946
2022-08-01 00:00:00,ORD000176,600406,buy,200,29.28,5856.0,5.0,0.0,5.856,10.856,-5845.144
2022-08-01 00:00:00,ORD000177,601186,buy,1000,7.34,7340.0,5.0,0.0,7.34,12.34,-7327.66
2022-08-01 00:00:00,ORD000178,601816,buy,1500,4.65,6975.000000000001,5.0,0.0,6.975000000000001,11.975000000000001,-6963.025000000001
2022-08-01 00:00:00,ORD000179,600887,buy,200,35.83,7166.0,5.0,0.0,7.166,12.166,-7153.834
2022-08-01 00:00:00,ORD000180,601166,buy,400,17.71,7084.0,5.0,0.0,7.0840000000000005,12.084,-7071.916
2022-08-01 00:00:00,ORD000181,601857,buy,1500,5.2,7800.0,5.0,0.0,7.8,12.8,-7787.2
2022-08-01 00:00:00,ORD000182,600803,buy,400,17.15,6859.999999999999,5.0,0.0,6.859999999999999,11.86,-6848.139999999999
2022-08-01 00:00:00,ORD000183,601988,buy,2400,3.05,7320.0,5.0,0.0,7.32,12.32,-7307.68
2022-09-01 00:00:00,ORD000159,000425,buy,1400,5.21,7294.0,5.0,0.0,7.2940000000000005,12.294,-7281.706
2022-09-01 00:00:00,ORD000184,601881,sell,2800,9.53,26684.0,8.005199999999999,13.342,26.684,48.0312,26635.9688
2022-09-01 00:00:00,ORD000185,601169,sell,6900,4.13,28497.0,8.5491,14.2485,28.497,51.2946,28445.7054
2022-09-01 00:00:00,ORD000186,600061,sell,4100,6.57,26937.0,8.0811,13.4685,26.937,48.486599999999996,26888.5134
2022-09-01 00:00:00,ORD000187,600000,sell,3200,7.23,23136.0,6.940799999999999,11.568,23.136,41.644800000000004,23094.3552
2022-09-01 00:00:00,ORD000188,600221,sell,15300,1.52,23256.0,6.976799999999999,11.628,23.256,41.8608,23214.139199999998
2022-09-01 00:00:00,ORD000189,601618,sell,7200,3.21,23112.0,6.933599999999999,11.556000000000001,23.112000000000002,41.601600000000005,23070.3984
2022-09-01 00:00:00,ORD000190,000333,sell,400,53.23,21292.0,6.387599999999999,10.646,21.292,38.3256,21253.6744
2022-09-01 00:00:00,ORD000191,002736,sell,2700,9.22,24894.0,7.4681999999999995,12.447000000000001,24.894000000000002,44.809200000000004,24849.1908
2022-09-01 00:00:00,ORD000192,000157,sell,4300,5.77,24810.999999999996,7.443299999999998,12.405499999999998,24.810999999999996,44.65979999999999,24766.340199999995
2022-09-01 00:00:00,ORD000193,601229,sell,3900,5.9,23010.0,6.903,11.505,23.01,41.418000000000006,22968.582000000002
2022-09-01 00:00:00,ORD000194,601901,sell,4000,6.9,27600.0,8.28,13.8,27.6,49.68,27550.320000000003
2022-09-01 00:00:00,ORD000195,601916,sell,7800,3.24,25272.0,7.581599999999999,12.636000000000001,25.272000000000002,45.4896,25226.5104
2022-09-01 00:00:00,ORD000196,600515,sell,7500,3.66,27450.0,8.235,13.725,27.45,49.41,27400.59
2022-09-01 00:00:00,ORD000197,000617,sell,5300,4.89,25917.0,7.775099999999999,12.9585,25.917,46.6506,25870.3494
2022-09-01 00:00:00,ORD000198,601766,sell,5000,4.99,24950.0,7.484999999999999,12.475,24.95,44.91,24905.09
2022-09-01 00:00:00,ORD000199,300502,sell,900,24.5,22050.0,6.614999999999999,11.025,22.05,39.69,22010.309999999998
2022-09-01 00:00:00,ORD000200,600019,sell,3900,5.32,20748.0,6.224399999999999,10.374,20.748,37.3464,20710.6536
2022-09-01 00:00:00,ORD000201,002142,sell,700,29.89,20923.0,6.2768999999999995,10.461500000000001,20.923000000000002,37.6614,20885.3386
2022-09-01 00:00:00,ORD000202,600183,sell,1500,15.84,23760.0,7.127999999999999,11.88,23.76,42.768,23717.232
2022-09-01 00:00:00,ORD000203,000938,sell,1400,17.28,24192.0,7.257599999999999,12.096,24.192,43.5456,24148.4544
2022-09-01 00:00:00,ORD000204,601138,sell,2700,9.22,24894.0,7.4681999999999995,12.447000000000001,24.894000000000002,44.809200000000004,24849.1908
2022-09-01 00:00:00,ORD000205,605117,sell,100,371.8,37180.0,11.153999999999998,18.59,37.18,66.924,37113.076
2022-09-01 00:00:00,ORD000206,600050,sell,7300,3.54,25842.0,7.752599999999999,12.921000000000001,25.842000000000002,46.515600000000006,25795.4844
2022-09-01 00:00:00,ORD000207,000166,sell,6300,4.18,26334.0,7.900199999999999,13.167,26.334,47.4012,26286.5988
2022-09-01 00:00:00,ORD000208,601816,sell,5200,4.6,23919.999999999996,7.175999999999998,11.959999999999999,23.919999999999998,43.056,23876.944
2022-09-01 00:00:00,ORD000209,601818,sell,8100,2.87,23247.0,6.974099999999999,11.6235,23.247,41.8446,23205.1554
2022-09-01 00:00:00,ORD000210,600115,sell,5300,4.92,26076.0,7.822799999999999,13.038,26.076,46.9368,26029.063199999997
2022-09-01 00:00:00,ORD000211,688008,sell,400,55.2,22080.0,6.624,11.040000000000001,22.080000000000002,39.744,22040.255999999998
2022-09-01 00:00:00,ORD000212,002463,buy,100,11.93,1193.0,5.0,0.0,1.193,6.193,-1186.807
2022-09-01 00:00:00,ORD000213,600489,buy,200,7.33,1466.0,5.0,0.0,1.466,6.466,-1459.534
2022-09-01 00:00:00,ORD000214,600999,buy,100,13.21,1321.0,5.0,0.0,1.321,6.321,-1314.679
2022-09-01 00:00:00,ORD000215,600023,buy,500,3.53,1765.0,5.0,0.0,1.7650000000000001,6.765000000000001,-1758.235
2022-09-01 00:00:00,ORD000216,601009,buy,200,10.63,2126.0,5.0,0.0,2.126,7.1259999999999994,-2118.874
2022-09-01 00:00:00,ORD000217,600030,buy,100,19.38,1938.0,5.0,0.0,1.938,6.938,-1931.062
2022-09-01 00:00:00,ORD000218,600918,buy,200,7.38,1476.0,5.0,0.0,1.476,6.476,-1469.524
2022-09-01 00:00:00,ORD000219,601211,buy,100,14.77,1477.0,5.0,0.0,1.477,6.477,-1470.523
2022-09-01 00:00:00,ORD000220,600015,buy,400,5.16,2064.0,5.0,0.0,2.064,7.064,-2056.936
2022-09-01 00:00:00,ORD000221,601360,buy,200,7.29,1458.0,5.0,0.0,1.458,6.458,-1451.542
2022-09-01 00:00:00,ORD000222,600028,buy,500,4.24,2120.0,5.0,0.0,2.12,7.12,-2112.88
2022-09-01 00:00:00,ORD000223,600016,buy,500,3.61,1805.0,5.0,0.0,1.805,6.805,-1798.195
2022-09-01 00:00:00,ORD000224,601601,buy,100,20.8,2080.0,5.0,0.0,2.08,7.08,-2072.92
2022-09-01 00:00:00,ORD000225,601328,buy,400,4.57,1828.0,5.0,0.0,1.828,6.828,-1821.172
2022-09-01 00:00:00,ORD000226,600958,buy,200,8.62,1723.9999999999998,5.0,0.0,1.7239999999999998,6.724,-1717.2759999999998
2022-09-01 00:00:00,ORD000227,600938,buy,100,16.16,1616.0,5.0,0.0,1.616,6.616,-1609.384
2022-09-01 00:00:00,ORD000228,601658,buy,400,4.49,1796.0,5.0,0.0,1.796,6.796,-1789.204
2022-09-01 00:00:00,ORD000229,601166,buy,100,17.03,1703.0,5.0,0.0,1.703,6.703,-1696.297
2022-09-01 00:00:00,ORD000230,002558,buy,200,8.62,1723.9999999999998,5.0,0.0,1.7239999999999998,6.724,-1717.2759999999998
2022-09-01 00:00:00,ORD000231,600547,buy,100,17.82,1782.0,5.0,0.0,1.782,6.782,-1775.218
2022-10-10 00:00:00,ORD000232,600000,sell,900,7.04,6336.0,5.0,3.168,6.336,14.504,6321.496
2022-10-10 00:00:00,ORD000233,600015,sell,4700,5.02,23593.999999999996,7.078199999999998,11.796999999999999,23.593999999999998,42.469199999999994,23551.530799999997
2022-10-10 00:00:00,ORD000234,601229,sell,1200,5.84,7008.0,5.0,3.504,7.008,15.512,6992.488
2022-10-10 00:00:00,ORD000235,601916,sell,2400,2.98,7152.0,5.0,3.576,7.152,15.728000000000002,7136.272
2022-10-10 00:00:00,ORD000236,600039,sell,700,10.22,7154.0,5.0,3.577,7.154,15.731,7138.268999999999
2022-10-10 00:00:00,ORD000237,601009,sell,700,10.45,7314.999999999999,5.0,3.6574999999999998,7.3149999999999995,15.972499999999998,7299.027499999999
2022-10-10 00:00:00,ORD000238,688981,sell,100,37.77,3777.0000000000005,5.0,1.8885000000000003,3.7770000000000006,10.665500000000002,3766.3345000000004
2022-10-10 00:00:00,ORD000239,000063,sell,300,21.4,6420.0,5.0,3.21,6.42,14.63,6405.37
2022-10-10 00:00:00,ORD000240,688396,sell,100,47.59,4759.0,5.0,2.3795,4.759,12.1385,4746.8615
2022-10-10 00:00:00,ORD000241,600585,sell,200,28.73,5746.0,5.0,2.873,5.746,13.619,5732.381
2022-10-10 00:00:00,ORD000242,601727,sell,1900,3.86,7334.0,5.0,3.6670000000000003,7.3340000000000005,16.001,7317.999
2022-10-10 00:00:00,ORD000243,600886,sell,700,10.74,7518.0,5.0,3.759,7.518,16.277,7501.723
2022-10-10 00:00:00,ORD000244,001965,sell,1000,7.6,7600.0,5.0,3.8000000000000003,7.6000000000000005,16.400000000000002,7583.599999999999
2022-10-10 00:00:00,ORD000245,600111,sell,200,26.56,5312.0,5.0,2.656,5.312,12.968,5299.032
2022-10-10 00:00:00,ORD000246,600346,sell,300,17.02,5106.0,5.0,2.553,5.106,12.658999999999999,5093.341
2022-10-10 00:00:00,ORD000247,600406,sell,200,25.69,5138.0,5.0,2.569,5.138,12.707,5125.293
2022-10-10 00:00:00,ORD000248,601166,sell,400,16.6,6640.000000000001,5.0,3.3200000000000007,6.6400000000000015,14.96,6625.040000000001
2022-10-10 00:00:00,ORD000249,600803,sell,400,18.92,7568.000000000001,5.0,3.7840000000000007,7.568000000000001,16.352000000000004,7551.648000000001
2022-10-10 00:00:00,ORD000250,601077,buy,6600,3.58,23628.0,7.088399999999999,0.0,23.628,30.7164,-23597.2836
2022-10-10 00:00:00,ORD000251,601398,buy,5400,4.35,23489.999999999996,7.046999999999998,0.0,23.49,30.536999999999995,-23459.462999999996
2022-10-10 00:00:00,ORD000252,000333,buy,400,49.31,19724.0,5.917199999999999,0.0,19.724,25.641199999999998,-19698.3588
2022-10-10 00:00:00,ORD000253,601211,buy,1600,13.7,21920.0,6.576,0.0,21.92,28.496000000000002,-21891.504
2022-10-10 00:00:00,ORD000254,002736,buy,2500,8.52,21300.0,6.39,0.0,21.3,27.69,-21272.31
2022-10-10 00:00:00,ORD000255,601288,buy,8400,2.85,23940.0,7.1819999999999995,0.0,23.94,31.122,-23908.878
2022-10-10 00:00:00,ORD000256,600016,buy,6600,3.39,22374.0,6.712199999999999,0.0,22.374,29.086199999999998,-22344.9138
2022-10-10 00:00:00,ORD000257,601169,buy,5700,4.11,23427.000000000004,7.0281,0.0,23.427000000000003,30.4551,-23396.544900000004
2022-10-10 00:00:00,ORD000258,601668,buy,4600,5.16,23736.0,7.120799999999999,0.0,23.736,30.8568,-23705.1432
2022-10-10 00:00:00,ORD000259,601601,buy,1100,20.21,22231.0,6.6693,0.0,22.231,28.9003,-22202.0997
2022-10-10 00:00:00,ORD000260,601766,buy,4700,4.7,22090.0,6.627,0.0,22.09,28.717,-22061.283
2022-10-10 00:00:00,ORD000261,601328,buy,5200,4.62,24024.0,7.207199999999999,0.0,24.024,31.2312,-23992.768799999998
2022-10-10 00:00:00,ORD000262,600900,buy,1000,22.99,22990.0,6.896999999999999,0.0,22.990000000000002,29.887,-22960.112999999998
2022-10-10 00:00:00,ORD000263,601018,buy,6100,3.65,22265.0,6.679499999999999,0.0,22.265,28.944499999999998,-22236.055500000002
2022-10-10 00:00:00,ORD000264,000651,buy,700,32.6,22820.0,6.845999999999999,0.0,22.82,29.666,-22790.334
2022-10-10 00:00:00,ORD000265,600570,buy,700,33.89,23723.0,7.116899999999999,0.0,23.723,30.8399,-23692.160099999997
2022-10-10 00:00:00,ORD000266,601186,buy,3200,6.99,22368.0,6.710399999999999,0.0,22.368000000000002,29.078400000000002,-22338.9216
2022-10-10 00:00:00,ORD000267,601816,buy,5100,4.53,23103.0,6.930899999999999,0.0,23.103,30.033900000000003,-23072.9661
2022-10-10 00:00:00,ORD000268,600029,buy,3700,6.78,25086.0,7.525799999999999,0.0,25.086000000000002,32.6118,-25053.3882
2022-10-10 00:00:00,ORD000269,601006,buy,3600,6.7,24120.0,7.236,0.0,24.12,31.356,-24088.644
2022-10-10 00:00:00,ORD000270,000708,buy,1200,17.48,20976.0,6.2928,0.0,20.976,27.2688,-20948.731200000002
2022-10-10 00:00:00,ORD000271,600887,buy,600,32.65,19590.0,5.877,0.0,19.59,25.467,-19564.533
2022-10-10 00:00:00,ORD000272,600115,buy,4800,4.93,23664.0,7.0992,0.0,23.664,30.7632,-23633.2368
2022-10-10 00:00:00,ORD000273,002558,buy,2700,7.57,20439.0,6.1316999999999995,0.0,20.439,26.5707,-20412.4293
2022-10-10 00:00:00,ORD000274,601857,buy,4400,5.29,23276.0,6.982799999999999,0.0,23.276,30.2588,-23245.741199999997
2022-10-10 00:00:00,ORD000275,603288,buy,200,76.2,15240.0,5.0,0.0,15.24,20.240000000000002,-15219.76
2022-10-10 00:00:00,ORD000276,688111,buy,100,201.11,20111.0,6.0333,0.0,20.111,26.1443,-20084.8557
2022-10-10 00:00:00,ORD000277,002304,buy,100,158.19,15819.0,5.0,0.0,15.819,20.819000000000003,-15798.181
2022-10-10 00:00:00,ORD000278,601988,buy,7800,3.08,24024.0,7.207199999999999,0.0,24.024,31.2312,-23992.768799999998
2022-11-01 00:00:00,ORD000279,601169,sell,1700,4.04,6868.0,5.0,3.434,6.868,15.302000000000001,6852.697999999999
2022-11-01 00:00:00,ORD000280,002736,sell,800,8.67,6936.0,5.0,3.468,6.936,15.404,6920.5960000000005
2022-11-01 00:00:00,ORD000281,600015,sell,400,4.79,1916.0,5.0,0.9580000000000001,1.9160000000000001,7.8740000000000006,1908.126
2022-11-01 00:00:00,ORD000282,601766,sell,1500,4.74,7110.0,5.0,3.555,7.11,15.665,7094.335
2022-11-01 00:00:00,ORD000283,601816,sell,1500,4.49,6735.0,5.0,3.3675,6.735,15.1025,6719.8975
2022-11-01 00:00:00,ORD000284,601398,sell,1600,4.15,6640.000000000001,5.0,3.3200000000000007,6.6400000000000015,14.96,6625.040000000001
2022-11-01 00:00:00,ORD000285,601009,sell,200,10.27,2054.0,5.0,1.027,2.054,8.081,2045.9189999999999
2022-11-01 00:00:00,ORD000286,601328,sell,2000,4.46,8920.0,5.0,4.46,8.92,18.380000000000003,8901.62
2022-11-01 00:00:00,ORD000287,600900,sell,300,20.25,6075.0,5.0,3.0375,6.075,14.1125,6060.8875
2022-11-01 00:00:00,ORD000288,601186,sell,1000,6.87,6870.0,5.0,3.435,6.87,15.305,6854.695
2022-11-01 00:00:00,ORD000289,600887,sell,200,25.59,5118.0,5.0,2.559,5.118,12.677,5105.322999999999
2022-11-01 00:00:00,ORD000290,601166,sell,100,15.1,1510.0,5.0,0.755,1.51,7.265,1502.735
2022-11-01 00:00:00,ORD000291,601857,sell,1500,4.77,7154.999999999999,5.0,3.5774999999999997,7.154999999999999,15.7325,7139.267499999999
2022-11-01 00:00:00,ORD000292,601988,sell,2400,3.01,7223.999999999999,5.0,3.6119999999999997,7.223999999999999,15.835999999999999,7208.163999999999
2022-11-01 00:00:00,ORD000293,000425,sell,1400,4.62,6468.0,5.0,3.234,6.468,14.702,6453.298
2022-11-01 00:00:00,ORD000294,600489,sell,200,7.42,1484.0,5.0,0.742,1.484,7.226,1476.7740000000001
2022-11-01 00:00:00,ORD000295,600999,sell,100,12.53,1253.0,5.0,0.6265000000000001,1.2530000000000001,6.8795,1246.1205
2022-11-01 00:00:00,ORD000296,600030,sell,100,17.28,1728.0,5.0,0.864,1.728,7.592,1720.408
2022-11-01 00:00:00,ORD000297,600918,sell,200,6.37,1274.0,5.0,0.637,1.274,6.9110000000000005,1267.0890000000002
2022-11-01 00:00:00,ORD000298,601211,sell,100,13.25,1325.0,5.0,0.6625,1.325,6.9875,1318.0125
2022-11-01 00:00:00,ORD000299,601360,sell,200,7.16,1432.0,5.0,0.716,1.432,7.148,1424.852
2022-11-01 00:00:00,ORD000300,600028,sell,500,4.06,2029.9999999999998,5.0,1.015,2.03,8.045,2021.9549999999997
2022-11-01 00:00:00,ORD000301,600016,sell,500,3.3,1650.0,5.0,0.8250000000000001,1.6500000000000001,7.4750000000000005,1642.5249999999999
2022-11-01 00:00:00,ORD000302,601601,sell,100,19.03,1903.0,5.0,0.9515,1.903,7.8545,1895.1455
2022-11-01 00:00:00,ORD000303,600958,sell,200,7.81,1562.0,5.0,0.781,1.562,7.343,1554.6570000000002
2022-11-01 00:00:00,ORD000304,600938,sell,100,14.48,1448.0,5.0,0.724,1.448,7.172000000000001,1440.828
2022-11-01 00:00:00,ORD000305,601658,sell,400,3.88,1552.0,5.0,0.776,1.552,7.327999999999999,1544.672
2022-11-01 00:00:00,ORD000306,600547,sell,100,17.26,1726.0000000000002,5.0,0.8630000000000001,1.7260000000000002,7.589,1718.411
2022-11-01 00:00:00,ORD000307,601995,buy,100,34.22,3422.0,5.0,0.0,3.422,8.422,-3413.578
2022-11-01 00:00:00,ORD000308,002463,buy,600,10.9,6540.0,5.0,0.0,6.54,11.54,-6528.46
2022-11-01 00:00:00,ORD000309,300059,buy,300,15.61,4683.0,5.0,0.0,4.683,9.683,-4673.317
2022-11-01 00:00:00,ORD000310,600023,buy,2100,3.34,7014.0,5.0,0.0,7.014,12.014,-7001.986
2022-11-01 00:00:00,ORD000311,000988,buy,300,16.92,5076.000000000001,5.0,0.0,5.076000000000001,10.076,-5065.924000000001
2022-11-01 00:00:00,ORD000312,300418,buy,500,13.09,6545.0,5.0,0.0,6.545,11.545,-6533.455
2022-11-01 00:00:00,ORD000313,300803,buy,100,44.4,4440.0,5.0,0.0,4.44,9.440000000000001,-4430.56
2022-11-01 00:00:00,ORD000314,300251,buy,900,6.76,6084.0,5.0,0.0,6.0840000000000005,11.084,-6072.916
2022-11-01 00:00:00,ORD000315,600585,buy,200,24.35,4870.0,5.0,0.0,4.87,9.870000000000001,-4860.13
2022-11-01 00:00:00,ORD000316,300433,buy,700,9.96,6972.000000000001,5.0,0.0,6.972000000000001,11.972000000000001,-6960.028000000001
2022-11-01 00:00:00,ORD000317,000630,buy,2600,2.52,6552.0,5.0,0.0,6.5520000000000005,11.552,-6540.448
2022-11-01 00:00:00,ORD000318,300502,buy,300,25.83,7748.999999999999,5.0,0.0,7.749,12.748999999999999,-7736.250999999999
2022-11-01 00:00:00,ORD000319,300476,buy,500,13.54,6770.0,5.0,0.0,6.7700000000000005,11.77,-6758.23
2022-11-01 00:00:00,ORD000320,000338,buy,700,9.11,6377.0,5.0,0.0,6.377,11.376999999999999,-6365.623
2022-11-01 00:00:00,ORD000321,002202,buy,600,10.45,6270.0,5.0,0.0,6.2700000000000005,11.27,-6258.73
2022-11-01 00:00:00,ORD000322,002600,buy,1500,4.75,7125.0,5.0,0.0,7.125,12.125,-7112.875
2022-11-01 00:00:00,ORD000323,302132,buy,700,10.68,7476.0,5.0,0.0,7.476,12.475999999999999,-7463.524
2022-11-01 00:00:00,ORD000324,300394,buy,200,28.0,5600.0,5.0,0.0,5.6000000000000005,10.600000000000001,-5589.4
2022-11-01 00:00:00,ORD000325,000100,buy,1800,3.96,7128.0,5.0,0.0,7.128,12.128,-7115.872
2022-11-01 00:00:00,ORD000326,300628,buy,100,68.88,6888.0,5.0,0.0,6.888,11.888,-6876.112
2022-11-01 00:00:00,ORD000327,002602,buy,1800,3.71,6678.0,5.0,0.0,6.678,11.678,-6666.322
2022-11-01 00:00:00,ORD000328,600089,buy,300,20.37,6111.0,5.0,0.0,6.111,11.111,-6099.889
2022-11-01 00:00:00,ORD000330,002558,buy,900,7.66,6894.0,5.0,0.0,6.894,11.894,-6882.106
2022-11-01 00:00:00,ORD000331,600438,buy,100,43.75,4375.0,5.0,0.0,4.375,9.375,-4365.625
2022-11-01 00:00:00,ORD000332,300498,buy,300,17.77,5331.0,5.0,0.0,5.331,10.331,-5320.669
2022-12-01 00:00:00,ORD000329,600031,buy,400,16.3,6520.0,5.0,0.0,6.5200000000000005,11.52,-6508.48
2022-12-01 00:00:00,ORD000333,002736,sell,2500,9.24,23100.0,6.93,11.55,23.1,41.58,23058.420000000002
2022-12-01 00:00:00,ORD000334,601766,sell,4700,5.38,25286.0,7.585799999999999,12.643,25.286,45.5148,25240.4852
2022-12-01 00:00:00,ORD000335,601816,sell,5100,4.99,25449.0,7.6347,12.7245,25.449,45.8082,25403.1918
2022-12-01 00:00:00,ORD000336,600900,sell,1000,21.32,21320.0,6.395999999999999,10.66,21.32,38.376,21281.624
2022-12-01 00:00:00,ORD000337,601186,sell,3200,8.13,26016.000000000004,7.8048,13.008000000000003,26.016000000000005,46.82880000000001,25969.1712
2022-12-01 00:00:00,ORD000338,600887,sell,600,29.7,17820.0,5.345999999999999,8.91,17.82,32.076,17787.924
2022-12-01 00:00:00,ORD000339,601988,sell,7800,3.15,24570.0,7.3709999999999996,12.285,24.57,44.226,24525.774
2022-12-01 00:00:00,ORD000340,002463,sell,100,12.88,1288.0,5.0,0.644,1.288,6.932,1281.068
2022-12-01 00:00:00,ORD000341,600023,sell,500,3.54,1770.0,5.0,0.885,1.77,7.654999999999999,1762.345
2022-12-01 00:00:00,ORD000342,601211,sell,1600,14.19,22704.0,6.8111999999999995,11.352,22.704,40.8672,22663.1328
2022-12-01 00:00:00,ORD000343,601601,sell,1100,24.7,27170.0,8.151,13.585,27.17,48.906000000000006,27121.094
2022-12-01 00:00:00,ORD000344,002558,sell,2900,8.17,23693.0,7.107899999999999,11.8465,23.693,42.647400000000005,23650.352600000002
2022-12-01 00:00:00,ORD000345,601077,sell,6600,3.63,23958.0,7.187399999999999,11.979000000000001,23.958000000000002,43.1244,23914.875600000003
2022-12-01 00:00:00,ORD000346,000333,sell,400,48.81,19524.0,5.8572,9.762,19.524,35.1432,19488.8568
2022-12-01 00:00:00,ORD000347,601668,sell,4600,5.89,27094.0,8.1282,13.547,27.094,48.7692,27045.2308
2022-12-01 00:00:00,ORD000348,000651,sell,700,32.5,22750.0,6.824999999999999,11.375,22.75,40.95,22709.05
2022-12-01 00:00:00,ORD000349,600570,sell,700,40.5,28350.0,8.504999999999999,14.175,28.35,51.03,28298.97
2022-12-01 00:00:00,ORD000350,600029,sell,3700,7.68,28416.0,8.524799999999999,14.208,28.416,51.148799999999994,28364.8512
2022-12-01 00:00:00,ORD000351,601006,sell,3600,6.85,24660.0,7.398,12.33,24.66,44.388000000000005,24615.611999999997
2022-12-01 00:00:00,ORD000352,000708,sell,1200,18.1,21720.0,6.515999999999999,10.86,21.72,39.096,21680.904
2022-12-01 00:00:00,ORD000353,600115,sell,4800,5.42,26016.0,7.804799999999999,13.008000000000001,26.016000000000002,46.8288,25969.171199999997
2022-12-01 00:00:00,ORD000354,603288,sell,200,72.5,14500.0,5.0,7.25,14.5,26.75,14473.25
2022-12-01 00:00:00,ORD000355,688111,sell,100,253.0,25300.0,7.589999999999999,12.65,25.3,45.54,25254.46
2022-12-01 00:00:00,ORD000356,601398,buy,1200,4.32,5184.0,5.0,0.0,5.184,10.184000000000001,-5173.816
2022-12-01 00:00:00,ORD000357,300059,buy,300,19.05,5715.0,5.0,0.0,5.715,10.715,-5704.285
2022-12-01 00:00:00,ORD000358,600104,buy,300,15.45,4635.0,5.0,0.0,4.635,9.635,-4625.365
2022-12-01 00:00:00,ORD000359,600000,buy,700,7.28,5096.0,5.0,0.0,5.096,10.096,-5085.904
2022-12-01 00:00:00,ORD000360,601229,buy,900,6.01,5409.0,5.0,0.0,5.409,10.408999999999999,-5398.591
2022-12-01 00:00:00,ORD000361,601288,buy,1900,2.89,5491.0,5.0,0.0,5.4910000000000005,10.491,-5480.509
2022-12-01 00:00:00,ORD000362,601058,buy,600,9.65,5790.0,5.0,0.0,5.79,10.79,-5779.21
2022-12-01 00:00:00,ORD000363,000301,buy,400,13.3,5320.0,5.0,0.0,5.32,10.32,-5309.68
2022-12-01 00:00:00,ORD000364,600016,buy,1600,3.54,5664.0,5.0,0.0,5.664,10.664,-5653.336
2022-12-01 00:00:00,ORD000365,002050,buy,200,22.0,4400.0,5.0,0.0,4.4,9.4,-4390.6
2022-12-01 00:00:00,ORD000366,601169,buy,1300,4.32,5616.0,5.0,0.0,5.6160000000000005,10.616,-5605.384
2022-12-01 00:00:00,ORD000367,000617,buy,1100,6.77,7446.999999999999,5.0,0.0,7.446999999999999,12.447,-7434.552999999999
2022-12-01 00:00:00,ORD000368,002648,buy,400,14.71,5884.0,5.0,0.0,5.884,10.884,-5873.116
2022-12-01 00:00:00,ORD000369,601328,buy,1100,4.77,5246.999999999999,5.0,0.0,5.246999999999999,10.247,-5236.752999999999
2022-12-01 00:00:00,ORD000370,002142,buy,200,32.48,6495.999999999999,5.0,0.0,6.4959999999999996,11.495999999999999,-6484.503999999999
2022-12-01 00:00:00,ORD000371,601018,buy,1500,3.71,5565.0,5.0,0.0,5.565,10.565000000000001,-5554.435
2022-12-01 00:00:00,ORD000372,601127,buy,100,52.3,5230.0,5.0,0.0,5.23,10.23,-5219.77
2022-12-01 00:00:00,ORD000373,601138,buy,600,9.21,5526.000000000001,5.0,0.0,5.526000000000001,10.526,-5515.474000000001
2022-12-01 00:00:00,ORD000374,600050,buy,1500,4.41,6615.0,5.0,0.0,6.615,11.615,-6603.385
2022-12-01 00:00:00,ORD000375,300413,buy,200,25.78,5156.0,5.0,0.0,5.156,10.155999999999999,-5145.844
2022-12-01 00:00:00,ORD000376,002241,buy,200,18.33,3665.9999999999995,5.0,0.0,3.6659999999999995,8.666,-3657.3339999999994
2022-12-01 00:00:00,ORD000377,600018,buy,1000,5.49,5490.0,5.0,0.0,5.49,10.49,-5479.51
2022-12-01 00:00:00,ORD000378,002493,buy,400,12.6,5040.0,5.0,0.0,5.04,10.04,-5029.96
2022-12-01 00:00:00,ORD000379,601818,buy,1900,3.02,5738.0,5.0,0.0,5.738,10.738,-5727.262
2022-12-01 00:00:00,ORD000380,601857,buy,1100,5.27,5796.999999999999,5.0,0.0,5.796999999999999,10.796999999999999,-5786.2029999999995
2022-12-01 00:00:00,ORD000381,600176,buy,400,14.5,5800.0,5.0,0.0,5.8,10.8,-5789.2
2023-01-03 00:00:00,ORD000382,601169,sell,5700,4.32,24624.0,7.387199999999999,12.312,24.624,44.3232,24579.676799999997
2023-01-03 00:00:00,ORD000383,002463,sell,600,11.88,7128.000000000001,5.0,3.5640000000000005,7.128000000000001,15.692,7112.308000000001
2023-01-03 00:00:00,ORD000384,600023,sell,2100,3.49,7329.0,5.0,3.6645,7.329,15.993500000000001,7313.0065
2023-01-03 00:00:00,ORD000385,002558,sell,900,8.02,7218.0,5.0,3.609,7.218,15.827,7202.173
2023-01-03 00:00:00,ORD000386,002304,sell,100,160.01,16001.0,5.0,8.0005,16.001,29.0015,15971.9985
2023-01-03 00:00:00,ORD000387,601995,sell,100,37.88,3788.0000000000005,5.0,1.8940000000000003,3.7880000000000007,10.682,3777.3180000000007
2023-01-03 00:00:00,ORD000388,300059,sell,300,19.19,5757.0,5.0,2.8785000000000003,5.757000000000001,13.6355,5743.364500000001
2023-01-03 00:00:00,ORD000389,000988,sell,300,16.43,4929.0,5.0,2.4645,4.929,12.3935,4916.6065
2023-01-03 00:00:00,ORD000390,300418,sell,500,14.39,7195.0,5.0,3.5975,7.195,15.7925,7179.2075
2023-01-03 00:00:00,ORD000391,300803,sell,100,45.3,4530.0,5.0,2.265,4.53,11.795000000000002,4518.205
2023-01-03 00:00:00,ORD000392,300251,sell,900,8.7,7829.999999999999,5.0,3.9149999999999996,7.829999999999999,16.744999999999997,7813.254999999999
2023-01-03 00:00:00,ORD000393,600585,sell,200,27.39,5478.0,5.0,2.739,5.478,13.216999999999999,5464.783
2023-01-03 00:00:00,ORD000394,300433,sell,700,10.54,7377.999999999999,5.0,3.6889999999999996,7.377999999999999,16.067,7361.932999999999
2023-01-03 00:00:00,ORD000395,000630,sell,2600,3.11,8086.0,5.0,4.043,8.086,17.128999999999998,8068.871
2023-01-03 00:00:00,ORD000396,300502,sell,300,23.67,7101.000000000001,5.0,3.5505000000000004,7.101000000000001,15.6515,7085.348500000001
2023-01-03 00:00:00,ORD000397,300476,sell,500,12.91,6455.0,5.0,3.2275,6.455,14.6825,6440.3175
2023-01-03 00:00:00,ORD000398,000338,sell,700,10.18,7126.0,5.0,3.563,7.126,15.689,7110.311
2023-01-03 00:00:00,ORD000399,002202,sell,600,11.01,6606.0,5.0,3.303,6.606,14.909,6591.091
2023-01-03 00:00:00,ORD000400,302132,sell,700,10.26,7182.0,5.0,3.591,7.182,15.773000000000001,7166.227
2023-01-03 00:00:00,ORD000401,300394,sell,200,25.34,5068.0,5.0,2.5340000000000003,5.0680000000000005,12.602,5055.398
2023-01-03 00:00:00,ORD000402,000100,sell,1800,3.72,6696.0,5.0,3.348,6.696,15.043999999999999,6680.956
2023-01-03 00:00:00,ORD000403,002602,sell,1800,3.77,6786.0,5.0,3.3930000000000002,6.7860000000000005,15.179000000000002,6770.821
2023-01-03 00:00:00,ORD000404,600089,sell,300,20.01,6003.000000000001,5.0,3.0015000000000005,6.003000000000001,14.0045,5988.995500000001
2023-01-03 00:00:00,ORD000405,600438,sell,100,38.55,3854.9999999999995,5.0,1.9274999999999998,3.8549999999999995,10.782499999999999,3844.2174999999997
2023-01-03 00:00:00,ORD000406,300498,sell,300,19.53,5859.0,5.0,2.9295,5.859,13.788499999999999,5845.211499999999
2023-01-03 00:00:00,ORD000407,601398,buy,3900,4.34,16926.0,5.0778,0.0,16.926000000000002,22.003800000000002,-16903.9962
2023-01-03 00:00:00,ORD000408,600104,buy,1100,14.32,15752.0,5.0,0.0,15.752,20.752000000000002,-15731.248
2023-01-03 00:00:00,ORD000409,000895,buy,600,25.92,15552.000000000002,5.0,0.0,15.552000000000001,20.552,-15531.448000000002
2023-01-03 00:00:00,ORD000410,601009,buy,1600,10.45,16720.0,5.015999999999999,0.0,16.72,21.735999999999997,-16698.264
2023-01-03 00:00:00,ORD000411,601211,buy,1200,13.45,16140.0,5.0,0.0,16.14,21.14,-16118.86
2023-01-03 00:00:00,ORD000412,601229,buy,2800,5.92,16576.0,5.0,0.0,16.576,21.576,-16554.424
2023-01-03 00:00:00,ORD000413,601288,buy,5900,2.91,17169.0,5.1507,0.0,17.169,22.3197,-17146.6803
2023-01-03 00:00:00,ORD000414,002916,buy,200,72.11,14422.0,5.0,0.0,14.422,19.422,-14402.578
2023-01-03 00:00:00,ORD000415,600028,buy,3700,4.38,16206.0,5.0,0.0,16.206,21.206,-16184.794
2023-01-03 00:00:00,ORD000416,601633,buy,500,28.88,14440.0,5.0,0.0,14.44,19.439999999999998,-14420.56
2023-01-03 00:00:00,ORD000417,600016,buy,4800,3.46,16608.0,5.0,0.0,16.608,21.608,-16586.392
2023-01-03 00:00:00,ORD000418,600025,buy,2500,6.62,16550.0,5.0,0.0,16.55,21.55,-16528.45
2023-01-03 00:00:00,ORD000419,600886,buy,1500,10.84,16260.0,5.0,0.0,16.26,21.26,-16238.74
2023-01-03 00:00:00,ORD000420,601111,buy,1600,10.6,16960.0,5.087999999999999,0.0,16.96,22.048000000000002,-16937.952
2023-01-03 00:00:00,ORD000421,601328,buy,3500,4.74,16590.0,5.0,0.0,16.59,21.59,-16568.41
2023-01-03 00:00:00,ORD000422,600346,buy,1000,15.51,15510.0,5.0,0.0,15.51,20.509999999999998,-15489.49
2023-01-03 00:00:00,ORD000423,002600,buy,3400,4.56,15503.999999999998,5.0,0.0,15.503999999999998,20.503999999999998,-15483.495999999997
2023-01-03 00:00:00,ORD000424,600009,buy,200,57.56,11512.0,5.0,0.0,11.512,16.512,-11495.488
2023-01-03 00:00:00,ORD000425,003816,buy,6100,2.7,16470.0,5.0,0.0,16.47,21.47,-16448.53
2023-01-03 00:00:00,ORD000426,601018,buy,4600,3.57,16422.0,5.0,0.0,16.422,21.422,-16400.578
2023-01-03 00:00:00,ORD000427,600674,buy,1400,12.25,17150.0,5.145,0.0,17.150000000000002,22.295,-17127.704999999998
2023-01-03 00:00:00,ORD000428,300628,buy,200,60.59,12118.0,5.0,0.0,12.118,17.118000000000002,-12100.882
2023-01-03 00:00:00,ORD000429,600018,buy,3100,5.36,16616.0,5.0,0.0,16.616,21.616,-16594.384
2023-01-03 00:00:00,ORD000430,002493,buy,1300,12.33,16029.0,5.0,0.0,16.029,21.029,-16007.971
2023-01-03 00:00:00,ORD000431,002311,buy,200,61.88,12376.0,5.0,0.0,12.376,17.375999999999998,-12358.624
2023-01-03 00:00:00,ORD000432,601006,buy,2400,6.68,16032.0,5.0,0.0,16.032,21.032,-16010.968
2023-01-03 00:00:00,ORD000433,601857,buy,3200,4.98,15936.000000000002,5.0,0.0,15.936000000000002,20.936,-15915.064000000002
2023-01-03 00:00:00,ORD000434,002179,buy,200,57.62,11524.0,5.0,0.0,11.524000000000001,16.524,-11507.476
2023-02-01 00:00:00,ORD000435,601169,sell,1300,4.25,5525.0,5.0,2.7625,5.525,13.287500000000001,5511.712500000001
2023-02-01 00:00:00,ORD000436,601398,sell,6600,4.32,28512.000000000004,8.553600000000001,14.256000000000002,28.512000000000004,51.321600000000004,28460.678400000004
2023-02-01 00:00:00,ORD000437,601328,sell,6300,4.86,30618.000000000004,9.1854,15.309000000000003,30.618000000000006,55.11240000000001,30562.887600000005
2023-02-01 00:00:00,ORD000438,601857,sell,5500,5.18,28490.0,8.546999999999999,14.245000000000001,28.490000000000002,51.282000000000004,28438.718
2023-02-01 00:00:00,ORD000439,600016,sell,8200,3.49,28618.0,8.5854,14.309000000000001,28.618000000000002,51.5124,28566.4876
2023-02-01 00:00:00,ORD000440,601288,sell,10300,2.91,29973.0,8.9919,14.9865,29.973,53.9514,29919.0486
2023-02-01 00:00:00,ORD000441,601018,sell,7600,3.67,27892.0,8.3676,13.946,27.892,50.205600000000004,27841.7944
2023-02-01 00:00:00,ORD000442,300059,sell,300,22.63,6789.0,5.0,3.3945,6.789,15.1835,6773.8165
2023-02-01 00:00:00,ORD000443,300628,sell,100,61.28,6128.0,5.0,3.064,6.128,14.192,6113.808
2023-02-01 00:00:00,ORD000444,600031,sell,400,17.54,7016.0,5.0,3.508,7.016,15.524,7000.476000000001
2023-02-01 00:00:00,ORD000445,600104,sell,300,15.06,4518.0,5.0,2.259,4.518,11.777000000000001,4506.223
2023-02-01 00:00:00,ORD000446,600000,sell,700,7.4,5180.0,5.0,2.59,5.18,12.77,5167.23
2023-02-01 00:00:00,ORD000447,601229,sell,900,6.0,5400.0,5.0,2.7,5.4,13.100000000000001,5386.900000000001
2023-02-01 00:00:00,ORD000448,601058,sell,600,10.07,6042.0,5.0,3.021,6.042,14.063,6027.937
2023-02-01 00:00:00,ORD000449,000301,sell,400,15.62,6248.0,5.0,3.124,6.248,14.372,6233.628000000001
2023-02-01 00:00:00,ORD000450,002050,sell,200,25.67,5134.0,5.0,2.567,5.134,12.701,5121.299
2023-02-01 00:00:00,ORD000451,000617,sell,1100,5.95,6545.0,5.0,3.2725,6.545,14.8175,6530.1825
2023-02-01 00:00:00,ORD000452,002648,sell,400,17.7,7080.0,5.0,3.54,7.08,15.62,7064.38
2023-02-01 00:00:00,ORD000453,002142,sell,200,32.82,6564.0,5.0,3.282,6.564,14.846,6549.1539999999995
2023-02-01 00:00:00,ORD000454,601127,sell,100,40.93,4093.0,5.0,2.0465,4.093,11.1395,4081.8605000000002
2023-02-01 00:00:00,ORD000455,601138,sell,600,9.54,5723.999999999999,5.0,2.8619999999999997,5.723999999999999,13.585999999999999,5710.413999999999
2023-02-01 00:00:00,ORD000456,600050,sell,1500,5.24,7860.0,5.0,3.93,7.86,16.79,7843.21
2023-02-01 00:00:00,ORD000457,300413,sell,200,30.49,6098.0,5.0,3.049,6.098,14.146999999999998,6083.853
2023-02-01 00:00:00,ORD000458,002241,sell,200,20.69,4138.0,5.0,2.069,4.138,11.207,4126.793
2023-02-01 00:00:00,ORD000459,600018,sell,1000,5.35,5350.0,5.0,2.6750000000000003,5.3500000000000005,13.025000000000002,5336.974999999999
2023-02-01 00:00:00,ORD000460,002493,sell,400,13.21,5284.0,5.0,2.642,5.284,12.925999999999998,5271.0740000000005
2023-02-01 00:00:00,ORD000461,601818,sell,1900,3.07,5833.0,5.0,2.9165,5.833,13.749500000000001,5819.2505
2023-02-01 00:00:00,ORD000462,600176,sell,400,14.75,5900.0,5.0,2.95,5.9,13.850000000000001,5886.150000000001
2023-02-01 00:00:00,ORD000463,600118,buy,400,23.29,9316.0,5.0,0.0,9.316,14.316,-9301.684
2023-02-01 00:00:00,ORD000464,603019,buy,300,24.12,7236.0,5.0,0.0,7.236,12.236,-7223.764
2023-02-01 00:00:00,ORD000465,601881,buy,900,9.84,8856.0,5.0,0.0,8.856,13.856,-8842.144
2023-02-01 00:00:00,ORD000466,600023,buy,2400,3.54,8496.0,5.0,0.0,8.496,13.496,-8482.504
2023-02-01 00:00:00,ORD000467,002938,buy,300,28.88,8664.0,5.0,0.0,8.664,13.664,-8650.336
2023-02-01 00:00:00,ORD000468,000538,buy,100,57.46,5746.0,5.0,0.0,5.746,10.746,-5735.254
2023-02-01 00:00:00,ORD000469,601009,buy,800,10.42,8336.0,5.0,0.0,8.336,13.336,-8322.664
2023-02-01 00:00:00,ORD000470,300803,buy,100,58.0,5800.0,5.0,0.0,5.8,10.8,-5789.2
2023-02-01 00:00:00,ORD000471,600919,buy,1100,7.42,8162.0,5.0,0.0,8.162,13.162,-8148.838
2023-02-01 00:00:00,ORD000472,002916,buy,100,76.7,7670.0,5.0,0.0,7.67,12.67,-7657.33
2023-02-01 00:00:00,ORD000473,000768,buy,300,26.9,8070.0,5.0,0.0,8.07,13.07,-8056.93
2023-02-01 00:00:00,ORD000474,000999,buy,100,48.6,4860.0,5.0,0.0,4.86,9.86,-4850.14
2023-02-01 00:00:00,ORD000475,601727,buy,2200,4.09,8998.0,5.0,0.0,8.998,13.998,-8984.002
2023-02-01 00:00:00,ORD000476,603501,buy,100,93.31,9331.0,5.0,0.0,9.331,14.331,-9316.669
2023-02-01 00:00:00,ORD000477,300502,buy,300,25.13,7539.0,5.0,0.0,7.539000000000001,12.539000000000001,-7526.461
2023-02-01 00:00:00,ORD000478,600900,buy,400,20.85,8340.0,5.0,0.0,8.34,13.34,-8326.66
2023-02-01 00:00:00,ORD000479,601877,buy,300,32.15,9645.0,5.0,0.0,9.645,14.645,-9630.355
2023-02-01 00:00:00,ORD000480,600346,buy,500,17.58,8790.0,5.0,0.0,8.790000000000001,13.790000000000001,-8776.21
2023-02-01 00:00:00,ORD000481,002600,buy,1900,5.38,10222.0,5.0,0.0,10.222,15.222,-10206.778
2023-02-01 00:00:00,ORD000482,688041,buy,200,43.11,8622.0,5.0,0.0,8.622,13.622,-8608.378
2023-02-01 00:00:00,ORD000483,600085,buy,100,47.01,4701.0,5.0,0.0,4.7010000000000005,9.701,-4691.299
2023-02-01 00:00:00,ORD000484,600276,buy,200,42.23,8446.0,5.0,0.0,8.446,13.446,-8432.554
2023-02-01 00:00:00,ORD000485,002311,buy,100,62.7,6270.0,5.0,0.0,6.2700000000000005,11.27,-6258.73
2023-02-01 00:00:00,ORD000486,300316,buy,100,69.2,6920.0,5.0,0.0,6.92,11.92,-6908.08
2023-02-01 00:00:00,ORD000487,600845,buy,100,50.02,5002.0,5.0,0.0,5.002,10.001999999999999,-4991.998
2023-02-01 00:00:00,ORD000488,600660,buy,200,39.32,7864.0,5.0,0.0,7.864,12.864,-7851.136
2023-03-01 00:00:00,ORD000489,601398,sell,3900,4.3,16770.0,5.031,8.385,16.77,30.186,16739.814000000002
2023-03-01 00:00:00,ORD000490,601328,sell,3500,4.9,17150.0,5.145,8.575000000000001,17.150000000000002,30.870000000000005,17119.129999999997
2023-03-01 00:00:00,ORD000491,601857,sell,3200,5.22,16704.0,5.0112,8.352,16.704,30.0672,16673.9328
2023-03-01 00:00:00,ORD000492,601288,sell,5900,2.93,17287.0,5.1861,8.6435,17.287,31.1166,17255.883400000002
2023-03-01 00:00:00,ORD000493,601018,sell,4600,3.65,16790.0,5.037,8.395,16.79,30.221999999999998,16759.778
2023-03-01 00:00:00,ORD000494,002600,sell,4900,5.71,27979.0,8.393699999999999,13.9895,27.979,50.3622,27928.6378
2023-03-01 00:00:00,ORD000495,300628,sell,200,66.41,13282.0,5.0,6.641,13.282,24.923000000000002,13257.077000000001
2023-03-01 00:00:00,ORD000496,601229,sell,2800,5.97,16716.0,5.014799999999999,8.358,16.716,30.0888,16685.9112
2023-03-01 00:00:00,ORD000497,600018,sell,3100,5.34,16554.0,5.0,8.277000000000001,16.554000000000002,29.831000000000003,16524.169
2023-03-01 00:00:00,ORD000498,002493,sell,1300,13.59,17667.0,5.3001,8.8335,17.667,31.800600000000003,17635.199399999998
2023-03-01 00:00:00,ORD000499,000895,sell,600,26.59,15954.0,5.0,7.977,15.954,28.931,15925.069
2023-03-01 00:00:00,ORD000500,601009,sell,1600,9.94,15904.0,5.0,7.952,15.904,28.856,15875.144
2023-03-01 00:00:00,ORD000501,600028,sell,3700,4.66,17242.0,5.172599999999999,8.621,17.242,31.035600000000002,17210.9644
2023-03-01 00:00:00,ORD000502,600346,sell,1000,17.78,17780.0,5.334,8.89,17.78,32.004000000000005,17747.996000000003
2023-03-01 00:00:00,ORD000503,600009,sell,200,58.64,11728.0,5.0,5.864,11.728,22.592,11705.408000000001
2023-03-01 00:00:00,ORD000504,003816,sell,6100,2.73,16653.0,5.0,8.3265,16.653,29.979499999999998,16623.020500000002
2023-03-01 00:00:00,ORD000505,600674,sell,1400,12.96,18144.0,5.443199999999999,9.072000000000001,18.144000000000002,32.6592,18111.340799999998
2023-03-01 00:00:00,ORD000506,002311,sell,200,63.52,12704.0,5.0,6.352,12.704,24.056,12679.944
2023-03-01 00:00:00,ORD000507,601006,sell,2400,6.82,16368.0,5.0,8.184000000000001,16.368000000000002,29.552000000000003,16338.448
2023-03-01 00:00:00,ORD000508,002179,sell,200,56.92,11384.0,5.0,5.692,11.384,22.076,11361.924
2023-03-01 00:00:00,ORD000509,600104,buy,700,15.01,10507.0,5.0,0.0,10.507,15.507,-10491.493
2023-03-01 00:00:00,ORD000510,601881,buy,1200,9.63,11556.000000000002,5.0,0.0,11.556000000000003,16.556000000000004,-11539.444000000001
2023-03-01 00:00:00,ORD000511,002736,buy,1200,9.63,11556.000000000002,5.0,0.0,11.556000000000003,16.556000000000004,-11539.444000000001
2023-03-01 00:00:00,ORD000512,002001,buy,600,19.01,11406.000000000002,5.0,0.0,11.406000000000002,16.406000000000002,-11389.594000000001
2023-03-01 00:00:00,ORD000513,000157,buy,2000,6.71,13420.0,5.0,0.0,13.42,18.42,-13401.58
2023-03-01 00:00:00,ORD000514,601211,buy,800,14.29,11432.0,5.0,0.0,11.432,16.432000000000002,-11415.568
2023-03-01 00:00:00,ORD000515,601868,buy,5000,2.38,11900.0,5.0,0.0,11.9,16.9,-11883.1
2023-03-01 00:00:00,ORD000516,688981,buy,200,41.99,8398.0,5.0,0.0,8.398,13.398,-8384.602
2023-03-01 00:00:00,ORD000517,600011,buy,1600,8.2,13119.999999999998,5.0,0.0,13.12,18.119999999999997,-13101.879999999997
2023-03-01 00:00:00,ORD000518,002916,buy,100,79.9,7990.000000000001,5.0,0.0,7.990000000000001,12.990000000000002,-7977.010000000001
2023-03-01 00:00:00,ORD000519,601916,buy,4000,2.92,11680.0,5.0,0.0,11.68,16.68,-11663.32
2023-03-01 00:00:00,ORD000520,601633,buy,300,34.27,10281.000000000002,5.0,0.0,10.281000000000002,15.281000000000002,-10265.719000000001
2023-03-01 00:00:00,ORD000521,600016,buy,3400,3.41,11594.0,5.0,0.0,11.594,16.594,-11577.406
2023-03-01 00:00:00,ORD000522,600025,buy,1700,7.11,12087.0,5.0,0.0,12.087,17.087,-12069.913
2023-03-01 00:00:00,ORD000523,601169,buy,2800,4.34,12152.0,5.0,0.0,12.152000000000001,17.152,-12134.848
2023-03-01 00:00:00,ORD000524,600741,buy,600,18.9,11340.0,5.0,0.0,11.34,16.34,-11323.66
2023-03-01 00:00:00,ORD000525,601766,buy,2200,5.7,12540.0,5.0,0.0,12.540000000000001,17.54,-12522.46
2023-03-01 00:00:00,ORD000526,601111,buy,1100,11.11,12221.0,5.0,0.0,12.221,17.221,-12203.779
2023-03-01 00:00:00,ORD000527,600886,buy,1100,10.88,11968.0,5.0,0.0,11.968,16.968,-11951.032
2023-03-01 00:00:00,ORD000528,001965,buy,1500,8.27,12405.0,5.0,0.0,12.405000000000001,17.405,-12387.595
2023-03-01 00:00:00,ORD000529,601607,buy,600,19.8,11880.0,5.0,0.0,11.88,16.880000000000003,-11863.12
2023-03-01 00:00:00,ORD000530,002202,buy,1000,11.34,11340.0,5.0,0.0,11.34,16.34,-11323.66
2023-03-01 00:00:00,ORD000531,601319,buy,2300,5.22,12006.0,5.0,0.0,12.006,17.006,-11988.994
2023-03-01 00:00:00,ORD000532,000166,buy,2800,4.22,11816.0,5.0,0.0,11.816,16.816000000000003,-11799.184
2023-03-01 00:00:00,ORD000533,600219,buy,3300,3.61,11913.0,5.0,0.0,11.913,16.913,-11896.087
2023-03-01 00:00:00,ORD000534,601816,buy,2400,4.99,11976.0,5.0,0.0,11.976,16.976,-11959.024
2023-03-01 00:00:00,ORD000535,601898,buy,1300,8.75,11375.0,5.0,0.0,11.375,16.375,-11358.625
2023-03-01 00:00:00,ORD000536,600010,buy,5800,2.06,11948.0,5.0,0.0,11.948,16.948,-11931.052
2023-03-01 00:00:00,ORD000537,601088,buy,400,28.0,11200.0,5.0,0.0,11.200000000000001,16.200000000000003,-11183.8
2023-03-01 00:00:00,ORD000538,600547,buy,600,19.09,11454.0,5.0,0.0,11.454,16.454,-11437.546
2023-04-03 00:00:00,ORD000539,600016,sell,4800,3.45,16560.0,5.0,8.28,16.56,29.839999999999996,16530.16
2023-04-03 00:00:00,ORD000540,002600,sell,1900,6.17,11723.0,5.0,5.8615,11.723,22.5845,11700.4155
2023-04-03 00:00:00,ORD000541,601009,sell,800,8.99,7192.0,5.0,3.596,7.192,15.788,7176.212
2023-04-03 00:00:00,ORD000542,601211,sell,1200,14.36,17232.0,5.1696,8.616,17.232,31.017599999999998,17200.982399999997
2023-04-03 00:00:00,ORD000543,002916,sell,300,92.5,27750.0,8.325,13.875,27.75,49.95,27700.05
2023-04-03 00:00:00,ORD000544,601633,sell,500,27.93,13965.0,5.0,6.9825,13.965,25.947499999999998,13939.0525
2023-04-03 00:00:00,ORD000545,600886,sell,1500,10.87,16304.999999999998,5.0,8.1525,16.305,29.4575,16275.542499999998
2023-04-03 00:00:00,ORD000546,601111,sell,1600,10.7,17120.0,5.135999999999999,8.56,17.12,30.816000000000003,17089.184
2023-04-03 00:00:00,ORD000547,600346,sell,500,16.25,8125.0,5.0,4.0625,8.125,17.1875,8107.8125
2023-04-03 00:00:00,ORD000548,002311,sell,100,58.37,5837.0,5.0,2.9185,5.837,13.7555,5823.2445
2023-04-03 00:00:00,ORD000549,600118,sell,400,28.5,11400.0,5.0,5.7,11.4,22.1,11377.9
2023-04-03 00:00:00,ORD000550,603019,sell,300,38.7,11610.0,5.0,5.805,11.61,22.415,11587.585
2023-04-03 00:00:00,ORD000551,601881,sell,900,10.04,9036.0,5.0,4.518,9.036,18.554000000000002,9017.446
2023-04-03 00:00:00,ORD000552,600023,sell,2400,3.59,8616.0,5.0,4.308,8.616,17.924,8598.076
2023-04-03 00:00:00,ORD000553,002938,sell,300,31.04,9312.0,5.0,4.656,9.312,18.967999999999996,9293.032
2023-04-03 00:00:00,ORD000554,000538,sell,100,54.73,5473.0,5.0,2.7365,5.473,13.209499999999998,5459.7905
2023-04-03 00:00:00,ORD000555,300803,sell,100,52.15,5215.0,5.0,2.6075,5.215,12.8225,5202.1775
2023-04-03 00:00:00,ORD000556,600919,sell,1100,7.01,7711.0,5.0,3.8555,7.711,16.566499999999998,7694.4335
2023-04-03 00:00:00,ORD000557,000768,sell,300,25.62,7686.0,5.0,3.843,7.686,16.529,7669.4710000000005
2023-04-03 00:00:00,ORD000558,000999,sell,100,57.45,5745.0,5.0,2.8725,5.745,13.6175,5731.3825
2023-04-03 00:00:00,ORD000559,603501,sell,100,92.0,9200.0,5.0,4.6000000000000005,9.200000000000001,18.800000000000004,9181.199999999999
2023-04-03 00:00:00,ORD000560,300502,sell,300,51.2,15360.0,5.0,7.68,15.36,28.04,15331.96
2023-04-03 00:00:00,ORD000561,600900,sell,400,21.2,8480.0,5.0,4.24,8.48,17.72,8462.28
2023-04-03 00:00:00,ORD000562,601877,sell,300,27.91,8373.0,5.0,4.1865,8.373,17.5595,8355.4405
2023-04-03 00:00:00,ORD000563,688041,sell,200,77.4,15480.000000000002,5.0,7.740000000000001,15.480000000000002,28.220000000000006,15451.780000000002
2023-04-03 00:00:00,ORD000564,600276,sell,200,42.65,8530.0,5.0,4.265,8.53,17.795,8512.205
2023-04-03 00:00:00,ORD000565,300316,sell,100,67.12,6712.0,5.0,3.356,6.712,15.068,6696.932
2023-04-03 00:00:00,ORD000566,600845,sell,100,58.2,5820.0,5.0,2.91,5.82,13.73,5806.27
2023-04-03 00:00:00,ORD000567,600660,sell,200,34.78,6956.0,5.0,3.478,6.956,15.434000000000001,6940.566
2023-04-03 00:00:00,ORD000568,601398,buy,2600,4.46,11596.0,5.0,0.0,11.596,16.596,-11579.404
2023-04-03 00:00:00,ORD000569,600104,buy,700,14.33,10031.0,5.0,0.0,10.031,15.031,-10015.969
2023-04-03 00:00:00,ORD000570,601825,buy,1900,5.76,10944.0,5.0,0.0,10.944,15.944,-10928.056
2023-04-03 00:00:00,ORD000571,002709,buy,200,41.92,8384.0,5.0,0.0,8.384,13.384,-8370.616
2023-04-03 00:00:00,ORD000572,000895,buy,400,25.9,10360.0,5.0,0.0,10.36,15.36,-10344.64
2023-04-03 00:00:00,ORD000573,601229,buy,1900,6.0,11400.0,5.0,0.0,11.4,16.4,-11383.6
2023-04-03 00:00:00,ORD000574,600015,buy,2100,5.4,11340.0,5.0,0.0,11.34,16.34,-11323.66
2023-04-03 00:00:00,ORD000575,601288,buy,3900,3.11,12129.0,5.0,0.0,12.129,17.128999999999998,-12111.871
2023-04-03 00:00:00,ORD000576,600233,buy,600,18.32,10992.0,5.0,0.0,10.992,15.992,-10976.008
2023-04-03 00:00:00,ORD000577,600028,buy,2400,5.7,13680.0,5.0,0.0,13.68,18.68,-13661.32
2023-04-03 00:00:00,ORD000578,601727,buy,2700,4.42,11934.0,5.0,0.0,11.934000000000001,16.934,-11917.066
2023-04-03 00:00:00,ORD000579,002837,buy,300,32.67,9801.0,5.0,0.0,9.801,14.801,-9786.199
2023-04-03 00:00:00,ORD000580,600025,buy,1600,7.06,11296.0,5.0,0.0,11.296,16.296,-11279.704
2023-04-03 00:00:00,ORD000581,601169,buy,2600,4.41,11466.0,5.0,0.0,11.466000000000001,16.466,-11449.534
2023-04-03 00:00:00,ORD000582,001965,buy,1300,8.46,10998.000000000002,5.0,0.0,10.998000000000003,15.998000000000003,-10982.002000000002
2023-04-03 00:00:00,ORD000583,003816,buy,4100,2.86,11726.0,5.0,0.0,11.726,16.726,-11709.274
2023-04-03 00:00:00,ORD000584,601018,buy,3100,3.63,11253.0,5.0,0.0,11.253,16.253,-11236.747
2023-04-03 00:00:00,ORD000585,601127,buy,300,36.6,10980.0,5.0,0.0,10.98,15.98,-10964.02
2023-04-03 00:00:00,ORD000586,688009,buy,2200,5.44,11968.0,5.0,0.0,11.968,16.968,-11951.032
2023-04-03 00:00:00,ORD000587,601816,buy,2200,5.22,11484.0,5.0,0.0,11.484,16.484,-11467.516
2023-04-03 00:00:00,ORD000588,600018,buy,2100,5.54,11634.0,5.0,0.0,11.634,16.634,-11617.366
2023-04-03 00:00:00,ORD000589,600085,buy,200,54.73,10946.0,5.0,0.0,10.946,15.946,-10930.054
2023-04-03 00:00:00,ORD000590,601006,buy,1600,7.2,11520.0,5.0,0.0,11.52,16.52,-11503.48
2023-04-03 00:00:00,ORD000591,601857,buy,2100,6.05,12705.0,5.0,0.0,12.705,17.705,-12687.295
2023-04-03 00:00:00,ORD000592,601088,buy,400,28.3,11320.0,5.0,0.0,11.32,16.32,-11303.68
2023-04-03 00:00:00,ORD000593,688008,buy,100,71.8,7180.0,5.0,0.0,7.18,12.18,-7167.82
2023-04-03 00:00:00,ORD000594,601988,buy,3500,3.38,11830.0,5.0,0.0,11.83,16.83,-11813.17
2023-05-04 00:00:00,ORD000595,600104,sell,1800,13.97,25146.0,7.543799999999999,12.573,25.146,45.2628,25100.7372
2023-05-04 00:00:00,ORD000596,601211,sell,800,15.12,12096.0,5.0,6.048,12.096,23.144,12072.856
2023-05-04 00:00:00,ORD000597,002916,sell,100,82.66,8266.0,5.0,4.133,8.266,17.399,8248.601
2023-05-04 00:00:00,ORD000598,600025,sell,4200,6.94,29148.0,8.744399999999999,14.574,29.148,52.46639999999999,29095.5336
2023-05-04 00:00:00,ORD000599,601881,sell,1200,10.66,12792.0,5.0,6.396,12.792,24.188000000000002,12767.812
2023-05-04 00:00:00,ORD000600,601727,sell,2200,4.66,10252.0,5.0,5.126,10.252,20.378,10231.622
2023-05-04 00:00:00,ORD000601,600085,sell,100,59.97,5997.0,5.0,2.9985,5.997,13.9955,5983.0045
2023-05-04 00:00:00,ORD000602,002001,sell,600,16.99,10193.999999999998,5.0,5.0969999999999995,10.193999999999999,20.290999999999997,10173.708999999999
2023-05-04 00:00:00,ORD000603,000157,sell,2000,6.47,12940.0,5.0,6.47,12.94,24.409999999999997,12915.59
2023-05-04 00:00:00,ORD000604,601868,sell,5000,2.69,13450.0,5.0,6.7250000000000005,13.450000000000001,25.175000000000004,13424.824999999999
2023-05-04 00:00:00,ORD000605,688981,sell,200,60.5,12100.0,5.0,6.05,12.1,23.15,12076.85
2023-05-04 00:00:00,ORD000606,600011,sell,1600,9.66,15456.0,5.0,7.728,15.456,28.183999999999997,15427.816
2023-05-04 00:00:00,ORD000607,601916,sell,4000,3.07,12280.0,5.0,6.140000000000001,12.280000000000001,23.42,12256.58
2023-05-04 00:00:00,ORD000608,600741,sell,600,16.47,9882.0,5.0,4.941,9.882,19.823,9862.177
2023-05-04 00:00:00,ORD000609,601766,sell,2200,6.99,15378.0,5.0,7.689,15.378,28.067,15349.932999999999
2023-05-04 00:00:00,ORD000610,001965,sell,1500,9.28,13919.999999999998,5.0,6.959999999999999,13.919999999999998,25.879999999999995,13894.119999999999
2023-05-04 00:00:00,ORD000611,601607,sell,600,22.88,13728.0,5.0,6.864,13.728,25.592,13702.408000000001
2023-05-04 00:00:00,ORD000612,002202,sell,1000,10.88,10880.0,5.0,5.44,10.88,21.32,10858.68
2023-05-04 00:00:00,ORD000613,601319,sell,2300,6.11,14053.0,5.0,7.0265,14.053,26.079500000000003,14026.9205
2023-05-04 00:00:00,ORD000614,000166,sell,2800,4.52,12655.999999999998,5.0,6.327999999999999,12.655999999999999,23.983999999999998,12632.015999999998
2023-05-04 00:00:00,ORD000615,600219,sell,3300,3.33,10989.0,5.0,5.4945,10.989,21.4835,10967.5165
2023-05-04 00:00:00,ORD000616,601816,sell,2400,5.45,13080.0,5.0,6.54,13.08,24.619999999999997,13055.38
2023-05-04 00:00:00,ORD000617,601898,sell,1300,8.89,11557.0,5.0,5.7785,11.557,22.335500000000003,11534.664499999999
2023-05-04 00:00:00,ORD000618,600010,sell,5800,1.81,10498.0,5.0,5.249,10.498,20.747,10477.253
2023-05-04 00:00:00,ORD000619,601088,sell,400,28.85,11540.0,5.0,5.7700000000000005,11.540000000000001,22.310000000000002,11517.689999999999
2023-05-04 00:00:00,ORD000620,600547,sell,600,27.2,16320.0,5.0,8.16,16.32,29.48,16290.52
2023-05-04 00:00:00,ORD000621,000625,buy,900,11.84,10656.0,5.0,0.0,10.656,15.656,-10640.344
2023-05-04 00:00:00,ORD000622,000895,buy,400,24.95,9980.0,5.0,0.0,9.98,14.98,-9965.02
2023-05-04 00:00:00,ORD000623,002028,buy,200,45.98,9196.0,5.0,0.0,9.196,14.196,-9181.804
2023-05-04 00:00:00,ORD000624,300274,buy,100,110.0,11000.0,5.0,0.0,11.0,16.0,-10984.0
2023-05-04 00:00:00,ORD000625,002736,buy,1200,9.44,11328.0,5.0,0.0,11.328,16.328,-11311.672
2023-05-04 00:00:00,ORD000626,600918,buy,1700,7.38,12546.0,5.0,0.0,12.546,17.546,-12528.454
2023-05-04 00:00:00,ORD000627,601229,buy,1900,6.25,11875.0,5.0,0.0,11.875,16.875,-11858.125
2023-05-04 00:00:00,ORD000628,300408,buy,300,30.25,9075.0,5.0,0.0,9.075000000000001,14.075000000000001,-9060.925
2023-05-04 00:00:00,ORD000629,600482,buy,600,17.0,10200.0,5.0,0.0,10.200000000000001,15.200000000000001,-10184.8
2023-05-04 00:00:00,ORD000630,600028,buy,2000,6.56,13120.0,5.0,0.0,13.120000000000001,18.12,-13101.88
2023-05-04 00:00:00,ORD000631,601633,buy,400,26.86,10744.0,5.0,0.0,10.744,15.744,-10728.256
2023-05-04 00:00:00,ORD000633,601169,buy,2600,4.71,12246.0,5.0,0.0,12.246,17.246000000000002,-12228.754
2023-05-04 00:00:00,ORD000634,000617,buy,1600,7.26,11616.0,5.0,0.0,11.616,16.616,-11599.384
2023-05-04 00:00:00,ORD000635,600886,buy,1000,11.81,11810.0,5.0,0.0,11.81,16.810000000000002,-11793.19
2023-05-04 00:00:00,ORD000636,601111,buy,1000,10.55,10550.0,5.0,0.0,10.55,15.55,-10534.45
2023-05-04 00:00:00,ORD000637,601628,buy,300,38.55,11565.0,5.0,0.0,11.565,16.564999999999998,-11548.435
2023-05-04 00:00:00,ORD000638,600900,buy,500,21.88,10940.0,5.0,0.0,10.94,15.94,-10924.06
2023-05-04 00:00:00,ORD000639,601878,buy,1100,10.14,11154.0,5.0,0.0,11.154,16.154,-11137.846
2023-05-04 00:00:00,ORD000640,000651,buy,300,36.0,10800.0,5.0,0.0,10.8,15.8,-10784.2
2023-05-04 00:00:00,ORD000641,601127,buy,300,29.51,8853.0,5.0,0.0,8.853,13.853,-8839.147
2023-05-04 00:00:00,ORD000642,600029,buy,1400,7.68,10752.0,5.0,0.0,10.752,15.752,-10736.248
2023-05-04 00:00:00,ORD000643,600309,buy,100,91.89,9189.0,5.0,0.0,9.189,14.189,-9174.811
2023-05-04 00:00:00,ORD000644,688223,buy,800,12.21,9768.0,5.0,0.0,9.768,14.768,-9753.232
2023-05-04 00:00:00,ORD000645,002311,buy,200,54.71,10942.0,5.0,0.0,10.942,15.942,-10926.058
2023-05-04 00:00:00,ORD000646,000708,buy,600,16.15,9690.0,5.0,0.0,9.69,14.69,-9675.31
2023-05-04 00:00:00,ORD000647,300316,buy,100,68.21,6820.999999999999,5.0,0.0,6.820999999999999,11.820999999999998,-6809.178999999999
2023-05-04 00:00:00,ORD000648,601658,buy,2500,5.47,13675.0,5.0,0.0,13.675,18.675,-13656.325
2023-05-04 00:00:00,ORD000649,600999,buy,800,13.98,11184.0,5.0,0.0,11.184000000000001,16.184,-11167.816
2023-06-01 00:00:00,ORD000632,600016,buy,3300,3.94,13002.0,5.0,0.0,13.002,18.002000000000002,-12983.998
2023-06-01 00:00:00,ORD000650,601633,sell,300,22.7,6810.0,5.0,3.4050000000000002,6.8100000000000005,15.215000000000002,6794.785
2023-06-01 00:00:00,ORD000651,601111,sell,1100,8.72,9592.0,5.0,4.796,9.592,19.387999999999998,9572.612
2023-06-01 00:00:00,ORD000652,601727,sell,2700,4.75,12825.0,5.0,6.4125000000000005,12.825000000000001,24.237500000000004,12800.762499999999
2023-06-01 00:00:00,ORD000653,600085,sell,200,60.2,12040.0,5.0,6.0200000000000005,12.040000000000001,23.060000000000002,12016.939999999999
2023-06-01 00:00:00,ORD000654,601169,sell,5400,4.73,25542.000000000004,7.6626,12.771000000000003,25.542000000000005,45.97560000000001,25496.024400000002
2023-06-01 00:00:00,ORD000655,001965,sell,1300,9.38,12194.000000000002,5.0,6.097000000000001,12.194000000000003,23.291000000000004,12170.709000000003
2023-06-01 00:00:00,ORD000656,601816,sell,2200,5.72,12584.0,5.0,6.292,12.584,23.875999999999998,12560.124
2023-06-01 00:00:00,ORD000657,601398,sell,2600,4.82,12532.0,5.0,6.266,12.532,23.798000000000002,12508.202000000001
2023-06-01 00:00:00,ORD000658,601825,sell,1900,5.88,11172.0,5.0,5.586,11.172,21.758000000000003,11150.242
2023-06-01 00:00:00,ORD000659,002709,sell,200,40.82,8164.0,5.0,4.082,8.164,17.246000000000002,8146.754
2023-06-01 00:00:00,ORD000660,000895,sell,400,24.4,9760.0,5.0,4.88,9.76,19.64,9740.36
2023-06-01 00:00:00,ORD000661,600015,sell,2100,5.77,12117.0,5.0,6.0585,12.117,23.1755,12093.8245
2023-06-01 00:00:00,ORD000662,601288,sell,3900,3.5,13650.0,5.0,6.825,13.65,25.475,13624.525
2023-06-01 00:00:00,ORD000663,600233,sell,600,15.48,9288.0,5.0,4.644,9.288,18.932000000000002,9269.068
2023-06-01 00:00:00,ORD000664,600028,sell,2400,6.36,15264.0,5.0,7.632000000000001,15.264000000000001,27.896,15236.104000000001
2023-06-01 00:00:00,ORD000665,002837,sell,300,27.46,8238.0,5.0,4.119,8.238,17.357,8220.643
2023-06-01 00:00:00,ORD000666,003816,sell,4100,3.12,12792.0,5.0,6.396,12.792,24.188000000000002,12767.812
2023-06-01 00:00:00,ORD000667,601127,sell,300,25.6,7680.0,5.0,3.84,7.68,16.52,7663.48
2023-06-01 00:00:00,ORD000668,688009,sell,2200,5.93,13046.0,5.0,6.523000000000001,13.046000000000001,24.569000000000003,13021.431
2023-06-01 00:00:00,ORD000669,601006,sell,1600,7.61,12176.0,5.0,6.088,12.176,23.264000000000003,12152.736
2023-06-01 00:00:00,ORD000670,601857,sell,2100,7.53,15813.0,5.0,7.9065,15.813,28.719500000000004,15784.2805
2023-06-01 00:00:00,ORD000671,688008,sell,100,62.7,6270.0,5.0,3.1350000000000002,6.2700000000000005,14.405000000000001,6255.594999999999
2023-06-01 00:00:00,ORD000672,601988,sell,3500,3.9,13650.0,5.0,6.825,13.65,25.475,13624.525
2023-06-01 00:00:00,ORD000673,600104,buy,900,13.4,12060.0,5.0,0.0,12.06,17.060000000000002,-12042.94
2023-06-01 00:00:00,ORD000674,600000,buy,1700,7.33,12461.0,5.0,0.0,12.461,17.461,-12443.539
2023-06-01 00:00:00,ORD000675,601009,buy,1400,8.44,11816.0,5.0,0.0,11.816,16.816000000000003,-11799.184
2023-06-01 00:00:00,ORD000676,002736,buy,1300,9.17,11921.0,5.0,0.0,11.921,16.921,-11904.079
2023-06-01 00:00:00,ORD000677,601211,buy,800,14.74,11792.0,5.0,0.0,11.792,16.792,-11775.208
2023-06-01 00:00:00,ORD000678,601229,buy,2000,6.17,12340.0,5.0,0.0,12.34,17.34,-12322.66
2023-06-01 00:00:00,ORD000679,601901,buy,1800,6.89,12402.0,5.0,0.0,12.402000000000001,17.402,-12384.598
2023-06-01 00:00:00,ORD000680,000975,buy,900,13.0,11700.0,5.0,0.0,11.700000000000001,16.700000000000003,-11683.3
2023-06-01 00:00:00,ORD000681,600016,buy,3500,3.94,13790.0,5.0,0.0,13.790000000000001,18.79,-13771.21
2023-06-01 00:00:00,ORD000682,600025,buy,1800,7.5,13500.0,5.0,0.0,13.5,18.5,-13481.5
2023-06-01 00:00:00,ORD000683,600886,buy,1100,13.01,14311.0,5.0,0.0,14.311,19.311,-14291.689
2023-06-01 00:00:00,ORD000684,002920,buy,100,112.64,11264.0,5.0,0.0,11.264,16.264,-11247.736
2023-06-01 00:00:00,ORD000685,600926,buy,1000,11.61,11610.0,5.0,0.0,11.61,16.61,-11593.39
2023-06-01 00:00:00,ORD000686,600900,buy,500,22.44,11220.0,5.0,0.0,11.22,16.22,-11203.78
2023-06-01 00:00:00,ORD000687,601018,buy,3400,3.46,11764.0,5.0,0.0,11.764000000000001,16.764000000000003,-11747.236
2023-06-01 00:00:00,ORD000688,603260,buy,100,66.48,6648.0,5.0,0.0,6.648000000000001,11.648,-6636.352
2023-06-01 00:00:00,ORD000689,300628,buy,100,52.75,5275.0,5.0,0.0,5.275,10.275,-5264.725
2023-06-01 00:00:00,ORD000690,300413,buy,300,28.97,8691.0,5.0,0.0,8.691,13.691,-8677.309
2023-06-01 00:00:00,ORD000691,600018,buy,2300,5.28,12144.0,5.0,0.0,12.144,17.144,-12126.856
2023-06-01 00:00:00,ORD000692,601818,buy,4100,3.14,12874.0,5.0,0.0,12.874,17.874000000000002,-12856.126
2023-06-01 00:00:00,ORD000693,601166,buy,700,16.58,11605.999999999998,5.0,0.0,11.605999999999998,16.605999999999998,-11589.393999999998
2023-06-01 00:00:00,ORD000694,000963,buy,300,38.95,11685.0,5.0,0.0,11.685,16.685000000000002,-11668.315
2023-06-01 00:00:00,ORD000695,601088,buy,400,28.1,11240.0,5.0,0.0,11.24,16.240000000000002,-11223.76
2023-06-01 00:00:00,ORD000696,601100,buy,200,54.52,10904.0,5.0,0.0,10.904,15.904,-10888.096
2023-06-01 00:00:00,ORD000697,002179,buy,200,42.52,8504.0,5.0,0.0,8.504,13.504,-8490.496
2023-07-03 00:00:00,ORD000698,600016,sell,3400,3.75,12750.0,5.0,6.375,12.75,24.125,12725.875
2023-07-03 00:00:00,ORD000699,600025,sell,1600,7.13,11408.0,5.0,5.704,11.408,22.112000000000002,11385.888
2023-07-03 00:00:00,ORD000700,600886,sell,2100,12.66,26586.0,7.9758,13.293000000000001,26.586000000000002,47.8548,26538.1452
2023-07-03 00:00:00,ORD000701,601111,sell,1000,8.25,8250.0,5.0,4.125,8.25,17.375,8232.625
2023-07-03 00:00:00,ORD000702,002736,sell,2400,8.74,20976.0,6.2928,10.488,20.976,37.7568,20938.2432
2023-07-03 00:00:00,ORD000703,601169,sell,2600,4.64,12064.0,5.0,6.032,12.064,23.096,12040.904
2023-07-03 00:00:00,ORD000704,601088,sell,400,30.6,12240.0,5.0,6.12,12.24,23.36,12216.64
2023-07-03 00:00:00,ORD000705,000895,sell,400,24.5,9800.0,5.0,4.9,9.8,19.700000000000003,9780.300000000001
2023-07-03 00:00:00,ORD000706,601229,sell,3800,5.75,21850.0,6.555,10.925,21.85,39.33,21810.670000000002
2023-07-03 00:00:00,ORD000707,600028,sell,2000,6.38,12760.0,5.0,6.38,12.76,24.14,12735.86
2023-07-03 00:00:00,ORD000708,601127,sell,300,37.5,11250.0,5.0,5.625,11.25,21.875,11228.125
2023-07-03 00:00:00,ORD000709,600018,sell,2100,5.24,11004.0,5.0,5.502,11.004,21.506,10982.493999999999
2023-07-03 00:00:00,ORD000710,000625,sell,900,13.17,11853.0,5.0,5.9265,11.853,22.7795,11830.220500000001
2023-07-03 00:00:00,ORD000711,002028,sell,200,47.08,9416.0,5.0,4.708,9.416,19.124000000000002,9396.876
2023-07-03 00:00:00,ORD000712,300274,sell,100,117.79,11779.0,5.0,5.8895,11.779,22.6685,11756.3315
2023-07-03 00:00:00,ORD000713,600918,sell,1700,6.86,11662.0,5.0,5.831,11.662,22.493000000000002,11639.507
2023-07-03 00:00:00,ORD000714,300408,sell,300,29.42,8826.0,5.0,4.413,8.826,18.239,8807.761
2023-07-03 00:00:00,ORD000715,600482,sell,600,23.0,13800.0,5.0,6.9,13.8,25.700000000000003,13774.300000000001
2023-07-03 00:00:00,ORD000716,000617,sell,1600,7.25,11600.0,5.0,5.8,11.6,22.4,11577.6
2023-07-03 00:00:00,ORD000717,601628,sell,300,34.82,10446.0,5.0,5.223,10.446,20.668999999999997,10425.331
2023-07-03 00:00:00,ORD000718,600900,sell,500,22.09,11045.0,5.0,5.5225,11.045,21.567500000000003,11023.4325
2023-07-03 00:00:00,ORD000719,601878,sell,1100,9.88,10868.0,5.0,5.434,10.868,21.302,10846.698
2023-07-03 00:00:00,ORD000720,000651,sell,300,36.52,10956.000000000002,5.0,5.478000000000001,10.956000000000001,21.434000000000005,10934.566000000003
2023-07-03 00:00:00,ORD000721,600029,sell,1400,6.05,8470.0,5.0,4.235,8.47,17.705,8452.295
2023-07-03 00:00:00,ORD000722,600309,sell,100,87.85,8785.0,5.0,4.3925,8.785,18.177500000000002,8766.8225
2023-07-03 00:00:00,ORD000723,688223,sell,800,14.09,11272.0,5.0,5.636,11.272,21.908,11250.091999999999
2023-07-03 00:00:00,ORD000724,002311,sell,200,47.1,9420.0,5.0,4.71,9.42,19.130000000000003,9400.87
2023-07-03 00:00:00,ORD000725,000708,sell,600,15.84,9504.0,5.0,4.752,9.504,19.256,9484.743999999999
2023-07-03 00:00:00,ORD000726,300316,sell,100,70.51,7051.000000000001,5.0,3.5255000000000005,7.051000000000001,15.576500000000003,7035.423500000001
2023-07-03 00:00:00,ORD000727,601658,sell,2500,4.9,12250.0,5.0,6.125,12.25,23.375,12226.625
2023-07-03 00:00:00,ORD000728,600999,sell,800,13.56,10848.0,5.0,5.424,10.848,21.272,10826.728
2023-07-03 00:00:00,ORD000729,002463,buy,500,21.85,10925.0,5.0,0.0,10.925,15.925,-10909.075
2023-07-03 00:00:00,ORD000730,002460,buy,100,61.02,6102.0,5.0,0.0,6.102,11.102,-6090.898
2023-07-03 00:00:00,ORD000731,600104,buy,900,14.18,12762.0,5.0,0.0,12.762,17.762,-12744.238
2023-07-03 00:00:00,ORD000732,600221,buy,7200,1.59,11448.0,5.0,0.0,11.448,16.448,-11431.552
2023-07-03 00:00:00,ORD000733,000807,buy,1000,12.7,12700.0,5.0,0.0,12.700000000000001,17.700000000000003,-12682.3
2023-07-03 00:00:00,ORD000734,600030,buy,600,19.8,11880.0,5.0,0.0,11.88,16.880000000000003,-11863.12
2023-07-03 00:00:00,ORD000735,601916,buy,4200,2.67,11214.0,5.0,0.0,11.214,16.214,-11197.786
2023-07-03 00:00:00,ORD000736,600048,buy,900,13.0,11700.0,5.0,0.0,11.700000000000001,16.700000000000003,-11683.3
2023-07-03 00:00:00,ORD000737,601360,buy,800,12.55,10040.0,5.0,0.0,10.040000000000001,15.040000000000001,-10024.96
2023-07-03 00:00:00,ORD000738,601633,buy,500,25.4,12700.0,5.0,0.0,12.700000000000001,17.700000000000003,-12682.3
2023-07-03 00:00:00,ORD000739,002466,buy,100,70.11,7011.0,5.0,0.0,7.011,12.011,-6998.989
2023-07-03 00:00:00,ORD000740,601899,buy,1100,11.5,12650.0,5.0,0.0,12.65,17.65,-12632.35
2023-07-03 00:00:00,ORD000741,002837,buy,400,29.8,11920.0,5.0,0.0,11.92,16.92,-11903.08
2023-07-03 00:00:00,ORD000742,000630,buy,4200,2.9,12180.0,5.0,0.0,12.18,17.18,-12162.82
2023-07-03 00:00:00,ORD000743,300476,buy,400,23.99,9596.0,5.0,0.0,9.596,14.596,-9581.404
2023-07-03 00:00:00,ORD000744,002179,buy,200,45.34,9068.0,5.0,0.0,9.068,14.068,-9053.932
2023-07-03 00:00:00,ORD000745,601800,buy,1100,10.86,11946.0,5.0,0.0,11.946,16.945999999999998,-11929.054
2023-07-03 00:00:00,ORD000746,000002,buy,800,14.05,11240.0,5.0,0.0,11.24,16.240000000000002,-11223.76
2023-07-03 00:00:00,ORD000747,601018,buy,3500,3.4,11900.0,5.0,0.0,11.9,16.9,-11883.1
2023-07-03 00:00:00,ORD000748,600570,buy,200,44.76,8952.0,5.0,0.0,8.952,13.952,-8938.048
2023-07-03 00:00:00,ORD000749,601117,buy,1400,8.29,11605.999999999998,5.0,0.0,11.605999999999998,16.605999999999998,-11589.393999999998
2023-07-03 00:00:00,ORD000750,600050,buy,2500,4.8,12000.0,5.0,0.0,12.0,17.0,-11983.0
2023-07-03 00:00:00,ORD000751,603993,buy,2300,5.37,12351.0,5.0,0.0,12.351,17.351,-12333.649
2023-07-03 00:00:00,ORD000752,300413,buy,400,34.44,13776.0,5.0,0.0,13.776,18.776,-13757.224
2023-07-03 00:00:00,ORD000753,300442,buy,300,30.76,9228.0,5.0,0.0,9.228,14.228,-9213.772
2023-07-03 00:00:00,ORD000754,001979,buy,900,13.05,11745.0,5.0,0.0,11.745000000000001,16.745,-11728.255
2023-07-03 00:00:00,ORD000755,600362,buy,600,19.11,11466.0,5.0,0.0,11.466000000000001,16.466,-11449.534
2023-07-03 00:00:00,ORD000756,600176,buy,900,14.16,12744.0,5.0,0.0,12.744,17.744,-12726.256
2023-07-03 00:00:00,ORD000757,601728,buy,2000,5.64,11280.0,5.0,0.0,11.28,16.28,-11263.72
2023-08-01 00:00:00,ORD000758,600016,sell,6800,4.02,27335.999999999996,8.200799999999997,13.668,27.336,49.20479999999999,27286.795199999997
2023-08-01 00:00:00,ORD000759,600104,sell,1600,15.42,24672.0,7.401599999999999,12.336,24.672,44.4096,24627.5904
2023-08-01 00:00:00,ORD000760,601633,sell,400,29.21,11684.0,5.0,5.8420000000000005,11.684000000000001,22.526000000000003,11661.474
2023-08-01 00:00:00,ORD000761,600025,sell,1800,7.04,12672.0,5.0,6.336,12.672,24.008000000000003,12647.992
2023-08-01 00:00:00,ORD000762,600886,sell,1100,12.72,13992.0,5.0,6.996,13.992,25.988,13966.012
2023-08-01 00:00:00,ORD000763,601088,sell,400,28.35,11340.0,5.0,5.67,11.34,22.009999999999998,11317.99
2023-08-01 00:00:00,ORD000764,601229,sell,2000,6.14,12280.0,5.0,6.140000000000001,12.280000000000001,23.42,12256.58
2023-08-01 00:00:00,ORD000765,600900,sell,500,21.5,10750.0,5.0,5.375,10.75,21.125,10728.875
2023-08-01 00:00:00,ORD000766,600000,sell,1700,7.58,12886.0,5.0,6.4430000000000005,12.886000000000001,24.329,12861.671
2023-08-01 00:00:00,ORD000767,601211,sell,800,15.47,12376.0,5.0,6.188,12.376,23.564,12352.436
2023-08-01 00:00:00,ORD000768,601901,sell,1800,7.08,12744.0,5.0,6.372,12.744,24.116,12719.884
2023-08-01 00:00:00,ORD000769,000975,sell,900,13.19,11871.0,5.0,5.9355,11.871,22.8065,11848.193500000001
2023-08-01 00:00:00,ORD000770,002920,sell,100,155.5,15550.0,5.0,7.775,15.55,28.325000000000003,15521.675000000001
2023-08-01 00:00:00,ORD000771,603260,sell,100,71.83,7183.0,5.0,3.5915,7.183,15.7745,7167.2255
2023-08-01 00:00:00,ORD000772,300628,sell,100,37.73,3772.9999999999995,5.0,1.8864999999999998,3.7729999999999997,10.6595,3762.3404999999993
2023-08-01 00:00:00,ORD000773,300413,sell,300,34.6,10380.0,5.0,5.19,10.38,20.57,10359.43
2023-08-01 00:00:00,ORD000774,601818,sell,4100,3.11,12751.0,5.0,6.3755,12.751,24.1265,12726.8735
2023-08-01 00:00:00,ORD000775,601166,sell,700,16.61,11627.0,5.0,5.8135,11.627,22.4405,11604.5595
2023-08-01 00:00:00,ORD000776,000963,sell,300,43.3,12990.0,5.0,6.495,12.99,24.485,12965.515
2023-08-01 00:00:00,ORD000777,601100,sell,200,71.77,14354.0,5.0,7.1770000000000005,14.354000000000001,26.531,14327.469000000001
2023-08-01 00:00:00,ORD000778,002179,sell,200,42.55,8510.0,5.0,4.255,8.51,17.765,8492.235
2023-08-01 00:00:00,ORD000779,600039,buy,1400,9.89,13846.0,5.0,0.0,13.846,18.846,-13827.154
2023-08-01 00:00:00,ORD000780,600999,buy,1000,14.9,14900.0,5.0,0.0,14.9,19.9,-14880.1
2023-08-01 00:00:00,ORD000781,600489,buy,1300,10.74,13962.0,5.0,0.0,13.962,18.962,-13943.038
2023-08-01 00:00:00,ORD000782,603392,buy,200,69.0,13800.0,5.0,0.0,13.8,18.8,-13781.2
2023-08-01 00:00:00,ORD000783,600760,buy,300,42.78,12834.0,5.0,0.0,12.834,17.834,-12816.166
2023-08-01 00:00:00,ORD000784,300999,buy,300,42.14,12642.0,5.0,0.0,12.642,17.642,-12624.358
2023-08-01 00:00:00,ORD000785,601009,buy,1700,8.58,14586.0,5.0,0.0,14.586,19.586,-14566.414
2023-08-01 00:00:00,ORD000786,000657,buy,1400,10.34,14476.0,5.0,0.0,14.476,19.476,-14456.524
2023-08-01 00:00:00,ORD000787,002625,buy,900,15.06,13554.0,5.0,0.0,13.554,18.554000000000002,-13535.446
2023-08-01 00:00:00,ORD000788,002736,buy,1500,9.6,14400.0,5.0,0.0,14.4,19.4,-14380.6
2023-08-01 00:00:00,ORD000789,600015,buy,2500,5.8,14500.0,5.0,0.0,14.5,19.5,-14480.5
2023-08-01 00:00:00,ORD000790,601868,buy,5800,2.45,14210.000000000002,5.0,0.0,14.210000000000003,19.21,-14190.790000000003
2023-08-01 00:00:00,ORD000791,600600,buy,100,96.0,9600.0,5.0,0.0,9.6,14.6,-9585.4
2023-08-01 00:00:00,ORD000792,600926,buy,1100,12.22,13442.0,5.0,0.0,13.442,18.442,-13423.558
2023-08-01 00:00:00,ORD000793,600111,buy,500,24.65,12325.0,5.0,0.0,12.325000000000001,17.325000000000003,-12307.675
2023-08-01 00:00:00,ORD000794,600019,buy,2400,6.43,15432.0,5.0,0.0,15.432,20.432000000000002,-15411.568
2023-08-01 00:00:00,ORD000795,600406,buy,500,24.28,12140.0,5.0,0.0,12.14,17.14,-12122.86
2023-08-01 00:00:00,ORD000796,601018,buy,4000,3.56,14240.0,5.0,0.0,14.24,19.240000000000002,-14220.76
2023-08-01 00:00:00,ORD000797,601186,buy,1300,10.74,13962.0,5.0,0.0,13.962,18.962,-13943.038
2023-08-01 00:00:00,ORD000798,600050,buy,2800,5.15,14420.000000000002,5.0,0.0,14.420000000000002,19.42,-14400.580000000002
2023-08-01 00:00:00,ORD000799,603986,buy,100,114.79,11479.0,5.0,0.0,11.479000000000001,16.479,-11462.521
2023-08-01 00:00:00,ORD000800,002714,buy,300,44.0,13200.0,5.0,0.0,13.200000000000001,18.200000000000003,-13181.8
2023-08-01 00:00:00,ORD000801,600018,buy,2600,5.41,14066.0,5.0,0.0,14.066,19.066000000000003,-14046.934
2023-08-01 00:00:00,ORD000802,601318,buy,200,52.5,10500.0,5.0,0.0,10.5,15.5,-10484.5
2023-08-01 00:00:00,ORD000803,000708,buy,800,16.73,13384.0,5.0,0.0,13.384,18.384,-13365.616
2023-08-01 00:00:00,ORD000804,601838,buy,1100,14.09,15499.0,5.0,0.0,15.499,20.499000000000002,-15478.501
2023-08-01 00:00:00,ORD000805,600362,buy,700,20.25,14175.0,5.0,0.0,14.175,19.175,-14155.825
2023-08-01 00:00:00,ORD000806,600549,buy,700,19.06,13342.0,5.0,0.0,13.342,18.342,-13323.658
2023-08-01 00:00:00,ORD000807,600196,buy,400,31.54,12616.0,5.0,0.0,12.616,17.616,-12598.384
2023-09-01 00:00:00,ORD000808,600104,sell,900,14.35,12915.0,5.0,6.4575000000000005,12.915000000000001,24.372500000000002,12890.627499999999
2023-09-01 00:00:00,ORD000809,601633,sell,500,26.17,13085.0,5.0,6.5425,13.085,24.6275,13060.372500000001
2023-09-01 00:00:00,ORD000810,002736,sell,1300,9.33,12129.0,5.0,6.0645,12.129,23.1935,12105.806499999999
2023-09-01 00:00:00,ORD000811,601018,sell,10000,3.38,33800.0,10.139999999999999,16.9,33.8,60.839999999999996,33739.159999999996
2023-09-01 00:00:00,ORD000812,600018,sell,2300,5.09,11707.0,5.0,5.8535,11.707,22.5605,11684.4395
2023-09-01 00:00:00,ORD000813,600926,sell,1000,11.28,11280.0,5.0,5.64,11.28,21.92,11258.08
2023-09-01 00:00:00,ORD000814,300413,sell,400,29.41,11764.0,5.0,5.882000000000001,11.764000000000001,22.646,11741.354000000001
2023-09-01 00:00:00,ORD000815,002179,sell,200,44.73,8946.0,5.0,4.473,8.946,18.418999999999997,8927.581
2023-09-01 00:00:00,ORD000816,002463,sell,500,21.0,10500.0,5.0,5.25,10.5,20.75,10479.25
2023-09-01 00:00:00,ORD000817,600221,sell,7200,1.55,11160.0,5.0,5.58,11.16,21.740000000000002,11138.26
2023-09-01 00:00:00,ORD000818,000807,sell,1000,14.55,14550.0,5.0,7.275,14.55,26.825000000000003,14523.175000000001
2023-09-01 00:00:00,ORD000819,600030,sell,600,22.32,13392.0,5.0,6.696,13.392,25.088,13366.912
2023-09-01 00:00:00,ORD000820,601916,sell,4200,2.57,10794.0,5.0,5.397,10.794,21.191000000000003,10772.809
2023-09-01 00:00:00,ORD000821,600048,sell,900,14.21,12789.0,5.0,6.3945,12.789,24.183500000000002,12764.816499999999
2023-09-01 00:00:00,ORD000822,601360,sell,800,11.24,8992.0,5.0,4.496,8.992,18.488,8973.512
2023-09-01 00:00:00,ORD000823,002466,sell,100,57.29,5729.0,5.0,2.8645,5.729,13.593499999999999,5715.4065
2023-09-01 00:00:00,ORD000824,601899,sell,1100,12.39,13629.0,5.0,6.8145,13.629,25.4435,13603.556499999999
2023-09-01 00:00:00,ORD000825,002837,sell,400,27.5,11000.0,5.0,5.5,11.0,21.5,10978.5
2023-09-01 00:00:00,ORD000826,000630,sell,4200,3.22,13524.0,5.0,6.7620000000000005,13.524000000000001,25.286,13498.714
2023-09-01 00:00:00,ORD000827,300476,sell,400,21.83,8732.0,5.0,4.366,8.732,18.098,8713.902
2023-09-01 00:00:00,ORD000828,601800,sell,1100,9.49,10439.0,5.0,5.2195,10.439,20.6585,10418.3415
2023-09-01 00:00:00,ORD000829,000002,sell,800,13.88,11104.0,5.0,5.5520000000000005,11.104000000000001,21.656,11082.344000000001
2023-09-01 00:00:00,ORD000830,601117,sell,1400,7.82,10948.0,5.0,5.474,10.948,21.422,10926.578
2023-09-01 00:00:00,ORD000831,600050,sell,2500,5.21,13025.0,5.0,6.5125,13.025,24.5375,13000.4625
2023-09-01 00:00:00,ORD000832,603993,sell,2300,5.74,13202.0,5.0,6.601,13.202,24.802999999999997,13177.197
2023-09-01 00:00:00,ORD000833,300442,sell,300,25.5,7650.0,5.0,3.825,7.65,16.475,7633.525000000001
2023-09-01 00:00:00,ORD000834,001979,sell,900,14.03,12627.0,5.0,6.3135,12.627,23.9405,12603.0595
2023-09-01 00:00:00,ORD000835,600362,sell,600,19.0,11400.0,5.0,5.7,11.4,22.1,11377.9
2023-09-01 00:00:00,ORD000836,600176,sell,900,13.91,12519.0,5.0,6.2595,12.519,23.7785,12495.2215
2023-09-01 00:00:00,ORD000837,601728,sell,2000,5.77,11540.0,5.0,5.7700000000000005,11.540000000000001,22.310000000000002,11517.689999999999
2023-09-01 00:00:00,ORD000838,601077,buy,2400,3.77,9048.0,5.0,0.0,9.048,14.048,-9033.952
2023-09-01 00:00:00,ORD000839,601398,buy,2000,4.59,9180.0,5.0,0.0,9.18,14.18,-9165.82
2023-09-01 00:00:00,ORD000840,002460,buy,100,47.4,4740.0,5.0,0.0,4.74,9.74,-4730.26
2023-09-01 00:00:00,ORD000841,002415,buy,200,35.27,7054.000000000001,5.0,0.0,7.054000000000001,12.054000000000002,-7041.946000000001
2023-09-01 00:00:00,ORD000842,601825,buy,1600,5.82,9312.0,5.0,0.0,9.312,14.312,-9297.688
2023-09-01 00:00:00,ORD000843,600000,buy,1200,6.99,8388.0,5.0,0.0,8.388,13.388,-8374.612
2023-09-01 00:00:00,ORD000844,601009,buy,1100,7.94,8734.0,5.0,0.0,8.734,13.734,-8720.266
2023-09-01 00:00:00,ORD000845,601669,buy,1600,5.17,8272.0,5.0,0.0,8.272,13.272,-8258.728
2023-09-01 00:00:00,ORD000846,600795,buy,2600,3.5,9100.0,5.0,0.0,9.1,14.1,-9085.9
2023-09-01 00:00:00,ORD000847,600015,buy,1600,5.55,8880.0,5.0,0.0,8.88,13.88,-8866.12
2023-09-01 00:00:00,ORD000848,600036,buy,200,31.95,6390.0,5.0,0.0,6.390000000000001,11.39,-6378.61
2023-09-01 00:00:00,ORD000849,600028,buy,1500,6.09,9135.0,5.0,0.0,9.135,14.135,-9120.865
2023-09-01 00:00:00,ORD000850,600025,buy,1300,7.25,9425.0,5.0,0.0,9.425,14.425,-9410.575
2023-09-01 00:00:00,ORD000851,601169,buy,2000,4.48,8960.0,5.0,0.0,8.96,13.96,-8946.04
2023-09-01 00:00:00,ORD000852,601998,buy,1600,5.47,8752.0,5.0,0.0,8.752,13.752,-8738.248
2023-09-01 00:00:00,ORD000853,601328,buy,1600,5.56,8896.0,5.0,0.0,8.896,13.896,-8882.104
2023-09-01 00:00:00,ORD000854,002352,buy,100,43.5,4350.0,5.0,0.0,4.3500000000000005,9.350000000000001,-4340.65
2023-09-01 00:00:00,ORD000855,600900,buy,400,22.01,8804.0,5.0,0.0,8.804,13.804,-8790.196
2023-09-01 00:00:00,ORD000856,600009,buy,200,39.32,7864.0,5.0,0.0,7.864,12.864,-7851.136
2023-09-01 00:00:00,ORD000857,003816,buy,3100,3.14,9734.0,5.0,0.0,9.734,14.734,-9719.266
2023-09-01 00:00:00,ORD000858,600570,buy,200,36.04,7208.0,5.0,0.0,7.208,12.208,-7195.792
2023-09-01 00:00:00,ORD000859,688126,buy,400,21.0,8400.0,5.0,0.0,8.4,13.4,-8386.6
2023-09-01 00:00:00,ORD000860,601818,buy,3100,3.02,9362.0,5.0,0.0,9.362,14.362,-9347.638
2023-09-01 00:00:00,ORD000861,601006,buy,1300,7.16,9308.0,5.0,0.0,9.308,14.308,-9293.692
2023-09-01 00:00:00,ORD000862,601166,buy,500,15.88,7940.0,5.0,0.0,7.94,12.940000000000001,-7927.06
2023-09-01 00:00:00,ORD000863,601088,buy,300,28.31,8493.0,5.0,0.0,8.493,13.493,-8479.507
2023-09-01 00:00:00,ORD000864,600845,buy,200,48.0,9600.0,5.0,0.0,9.6,14.6,-9585.4
2023-09-01 00:00:00,ORD000865,601898,buy,1100,8.08,8888.0,5.0,0.0,8.888,13.888,-8874.112
2023-09-01 00:00:00,ORD000866,601988,buy,2400,3.75,9000.0,5.0,0.0,9.0,14.0,-8986.0
2023-11-01 00:00:00,ORD000867,002736,sell,1500,9.68,14520.0,5.0,7.26,14.52,26.78,14493.22
2023-11-01 00:00:00,ORD000868,601018,sell,4000,3.47,13880.0,5.0,6.94,13.88,25.82,13854.18
2023-11-01 00:00:00,ORD000869,600018,sell,2600,5.0,13000.0,5.0,6.5,13.0,24.5,12975.5
2023-11-01 00:00:00,ORD000870,601009,sell,3100,7.84,24304.0,7.291199999999999,12.152000000000001,24.304000000000002,43.74720000000001,24260.252800000002
2023-11-01 00:00:00,ORD000871,600926,sell,1100,10.75,11825.0,5.0,5.9125000000000005,11.825000000000001,22.737500000000004,11802.262499999999
2023-11-01 00:00:00,ORD000872,002460,sell,100,43.83,4383.0,5.0,2.1915,4.383,11.5745,4371.4255
2023-11-01 00:00:00,ORD000873,600050,sell,2800,4.47,12516.0,5.0,6.258,12.516,23.774,12492.226
2023-11-01 00:00:00,ORD000874,600362,sell,700,18.35,12845.000000000002,5.0,6.422500000000001,12.845000000000002,24.267500000000005,12820.732500000002
2023-11-01 00:00:00,ORD000875,600039,sell,1400,7.71,10794.0,5.0,5.397,10.794,21.191000000000003,10772.809
2023-11-01 00:00:00,ORD000876,600999,sell,1000,14.18,14180.0,5.0,7.09,14.18,26.27,14153.73
2023-11-01 00:00:00,ORD000877,600489,sell,1300,10.86,14118.0,5.0,7.059,14.118,26.177,14091.823
2023-11-01 00:00:00,ORD000878,603392,sell,200,44.38,8876.0,5.0,4.438,8.876,18.314,8857.686
2023-11-01 00:00:00,ORD000879,600760,sell,300,42.2,12660.0,5.0,6.33,12.66,23.990000000000002,12636.01
2023-11-01 00:00:00,ORD000880,300999,sell,300,35.0,10500.0,5.0,5.25,10.5,20.75,10479.25
2023-11-01 00:00:00,ORD000881,002625,sell,900,13.93,12537.0,5.0,6.2685,12.537,23.805500000000002,12513.1945
2023-11-01 00:00:00,ORD000882,600015,sell,2500,5.61,14025.0,5.0,7.0125,14.025,26.0375,13998.9625
2023-11-01 00:00:00,ORD000883,601868,sell,5800,2.19,12702.0,5.0,6.351,12.702,24.052999999999997,12677.947
2023-11-01 00:00:00,ORD000884,600600,sell,100,84.5,8450.0,5.0,4.225,8.45,17.674999999999997,8432.324999999999
2023-11-01 00:00:00,ORD000885,600111,sell,500,20.98,10490.0,5.0,5.245,10.49,20.735,10469.265
2023-11-01 00:00:00,ORD000886,600019,sell,2400,6.28,15072.0,5.0,7.5360000000000005,15.072000000000001,27.608000000000004,15044.392
2023-11-01 00:00:00,ORD000887,600406,sell,500,22.43,11215.0,5.0,5.6075,11.215,21.822499999999998,11193.1775
2023-11-01 00:00:00,ORD000888,601186,sell,1300,8.01,10413.0,5.0,5.2065,10.413,20.619500000000002,10392.3805
2023-11-01 00:00:00,ORD000889,002714,sell,300,37.55,11265.0,5.0,5.6325,11.265,21.8975,11243.1025
2023-11-01 00:00:00,ORD000890,601318,sell,200,45.79,9158.0,5.0,4.579,9.158,18.737000000000002,9139.263
2023-11-01 00:00:00,ORD000891,601838,sell,1100,12.4,13640.0,5.0,6.82,13.64,25.46,13614.54
2023-11-01 00:00:00,ORD000892,600196,sell,400,28.4,11360.0,5.0,5.68,11.36,22.04,11337.96
2023-11-01 00:00:00,ORD000893,603019,buy,300,36.6,10980.0,5.0,0.0,10.98,15.98,-10964.02
2023-11-01 00:00:00,ORD000894,002938,buy,600,21.36,12816.0,5.0,0.0,12.816,17.816000000000003,-12798.184
2023-11-01 00:00:00,ORD000895,000988,buy,400,27.96,11184.0,5.0,0.0,11.184000000000001,16.184,-11167.816
2023-11-01 00:00:00,ORD000896,000657,buy,1400,8.9,12460.0,5.0,0.0,12.46,17.46,-12442.54
2023-11-01 00:00:00,ORD000897,300274,buy,100,84.21,8421.0,5.0,0.0,8.421,13.421,-8407.579
2023-11-01 00:00:00,ORD000898,301165,buy,300,36.66,10997.999999999998,5.0,0.0,10.997999999999998,15.997999999999998,-10982.001999999999
2023-11-01 00:00:00,ORD000899,600460,buy,500,24.17,12085.0,5.0,0.0,12.085,17.085,-12067.915
2023-11-01 00:00:00,ORD000900,002916,buy,200,69.56,13912.0,5.0,0.0,13.912,18.912,-13893.088
2023-11-01 00:00:00,ORD000901,601360,buy,1200,8.99,10788.0,5.0,0.0,10.788,15.788,-10772.212
2023-11-01 00:00:00,ORD000902,002466,buy,200,54.89,10978.0,5.0,0.0,10.978,15.978,-10962.022
2023-11-01 00:00:00,ORD000903,002837,buy,500,25.6,12800.0,5.0,0.0,12.8,17.8,-12782.2
2023-11-01 00:00:00,ORD000904,603501,buy,100,109.17,10917.0,5.0,0.0,10.917,15.917,-10901.083
2023-11-01 00:00:00,ORD000905,002230,buy,200,45.45,9090.0,5.0,0.0,9.09,14.09,-9075.91
2023-11-01 00:00:00,ORD000906,300308,buy,100,87.2,8720.0,5.0,0.0,8.72,13.72,-8706.28
2023-11-01 00:00:00,ORD000907,688041,buy,200,61.73,12346.0,5.0,0.0,12.346,17.346,-12328.654
2023-11-01 00:00:00,ORD000908,300661,buy,100,89.58,8958.0,5.0,0.0,8.958,13.958,-8944.042
2023-11-01 00:00:00,ORD000909,600570,buy,300,31.43,9429.0,5.0,0.0,9.429,14.429,-9414.571
2023-11-01 00:00:00,ORD000910,601127,buy,300,82.0,24600.0,7.379999999999999,0.0,24.6,31.98,-24568.02
2023-11-01 00:00:00,ORD000911,002074,buy,500,23.0,11500.0,5.0,0.0,11.5,16.5,-11483.5
2023-11-01 00:00:00,ORD000912,603986,buy,100,106.8,10680.0,5.0,0.0,10.68,15.68,-10664.32
2023-11-01 00:00:00,ORD000913,300413,buy,400,25.3,10120.0,5.0,0.0,10.120000000000001,15.120000000000001,-10104.88
2023-11-01 00:00:00,ORD000914,002241,buy,800,18.05,14440.0,5.0,0.0,14.44,19.439999999999998,-14420.56
2023-11-01 00:00:00,ORD000915,688223,buy,1200,9.62,11543.999999999998,5.0,0.0,11.543999999999999,16.543999999999997,-11527.455999999998
2023-11-01 00:00:00,ORD000916,300450,buy,400,27.91,11164.0,5.0,0.0,11.164,16.164,-11147.836
2023-11-01 00:00:00,ORD000917,000708,buy,900,14.58,13122.0,5.0,0.0,13.122,18.122,-13103.878
2023-11-01 00:00:00,ORD000918,300442,buy,500,23.42,11710.0,5.0,0.0,11.71,16.71,-11693.29
2023-11-01 00:00:00,ORD000919,688008,buy,200,55.16,11032.0,5.0,0.0,11.032,16.032,-11015.968
2023-11-01 00:00:00,ORD000920,600549,buy,700,16.98,11886.0,5.0,0.0,11.886000000000001,16.886000000000003,-11869.114
2023-11-01 00:00:00,ORD000921,600588,buy,700,16.36,11452.0,5.0,0.0,11.452,16.451999999999998,-11435.548
2023-12-01 00:00:00,ORD000922,601009,sell,1100,7.22,7942.0,5.0,3.971,7.942,16.913,7925.087
2023-12-01 00:00:00,ORD000923,002460,sell,100,38.6,3860.0,5.0,1.93,3.86,10.79,3849.21
2023-12-01 00:00:00,ORD000924,600570,sell,400,30.02,12008.0,5.0,6.0040000000000004,12.008000000000001,23.012,11984.988
2023-12-01 00:00:00,ORD000925,000657,sell,1400,9.06,12684.0,5.0,6.3420000000000005,12.684000000000001,24.026000000000003,12659.974
2023-12-01 00:00:00,ORD000926,600015,sell,1600,5.81,9296.0,5.0,4.648,9.296,18.944,9277.056
2023-12-01 00:00:00,ORD000927,603986,sell,100,94.15,9415.0,5.0,4.7075000000000005,9.415000000000001,19.122500000000002,9395.877499999999
2023-12-01 00:00:00,ORD000928,000708,sell,800,14.26,11408.0,5.0,5.704,11.408,22.112000000000002,11385.888
2023-12-01 00:00:00,ORD000929,600549,sell,700,17.15,12004.999999999998,5.0,6.0024999999999995,12.004999999999999,23.0075,11981.992499999998
2023-12-01 00:00:00,ORD000930,601077,sell,2400,4.07,9768.0,5.0,4.884,9.768,19.652,9748.348
2023-12-01 00:00:00,ORD000931,601398,sell,2000,4.8,9600.0,5.0,4.8,9.6,19.4,9580.6
2023-12-01 00:00:00,ORD000932,002415,sell,200,34.84,6968.000000000001,5.0,3.4840000000000004,6.968000000000001,15.452000000000002,6952.548000000001
2023-12-01 00:00:00,ORD000933,601825,sell,1600,5.72,9152.0,5.0,4.5760000000000005,9.152000000000001,18.728,9133.272
2023-12-01 00:00:00,ORD000934,600000,sell,1200,6.85,8220.0,5.0,4.11,8.22,17.33,8202.67
2023-12-01 00:00:00,ORD000935,601669,sell,1600,4.98,7968.000000000001,5.0,3.9840000000000004,7.968000000000001,16.952,7951.048000000001
2023-12-01 00:00:00,ORD000936,600795,sell,2600,3.96,10296.0,5.0,5.148,10.296,20.444,10275.556
2023-12-01 00:00:00,ORD000937,600036,sell,200,28.72,5744.0,5.0,2.872,5.744,13.616,5730.384
2023-12-01 00:00:00,ORD000938,600028,sell,1500,5.45,8175.0,5.0,4.0875,8.175,17.262500000000003,8157.7375
2023-12-01 00:00:00,ORD000939,600025,sell,1300,8.37,10880.999999999998,5.0,5.440499999999999,10.880999999999998,21.3215,10859.678499999998
2023-12-01 00:00:00,ORD000940,601169,sell,2000,4.54,9080.0,5.0,4.54,9.08,18.619999999999997,9061.38
2023-12-01 00:00:00,ORD000941,601998,sell,1600,5.39,8624.0,5.0,4.312,8.624,17.936,8606.064
2023-12-01 00:00:00,ORD000942,601328,sell,1600,5.84,9344.0,5.0,4.672,9.344,19.016,9324.984
2023-12-01 00:00:00,ORD000943,002352,sell,100,42.18,4218.0,5.0,2.109,4.218,11.327,4206.673
2023-12-01 00:00:00,ORD000944,600900,sell,400,22.88,9152.0,5.0,4.5760000000000005,9.152000000000001,18.728,9133.272
2023-12-01 00:00:00,ORD000945,600009,sell,200,35.79,7158.0,5.0,3.579,7.158,15.737000000000002,7142.263
2023-12-01 00:00:00,ORD000946,003816,sell,3100,3.02,9362.0,5.0,4.681,9.362,19.043,9342.957
2023-12-01 00:00:00,ORD000947,688126,sell,400,17.64,7056.0,5.0,3.528,7.056,15.584,7040.416
2023-12-01 00:00:00,ORD000948,601818,sell,3100,2.89,8959.0,5.0,4.4795,8.959,18.438499999999998,8940.5615
2023-12-01 00:00:00,ORD000949,601006,sell,1300,7.26,9438.0,5.0,4.719,9.438,19.157000000000004,9418.843
2023-12-01 00:00:00,ORD000950,601166,sell,500,14.6,7300.0,5.0,3.65,7.3,15.95,7284.05
2023-12-01 00:00:00,ORD000951,601088,sell,300,31.49,9447.0,5.0,4.7235000000000005,9.447000000000001,19.170500000000004,9427.8295
2023-12-01 00:00:00,ORD000952,601898,sell,1100,9.3,10230.0,5.0,5.115,10.23,20.345,10209.655
2023-12-01 00:00:00,ORD000953,601988,sell,2400,3.99,9576.0,5.0,4.788,9.576,19.364,9556.636
2023-12-01 00:00:00,ORD000954,601888,buy,100,88.6,8860.0,5.0,0.0,8.86,13.86,-8846.14
2023-12-01 00:00:00,ORD000955,601012,buy,500,21.1,10550.0,5.0,0.0,10.55,15.55,-10534.45
2023-12-01 00:00:00,ORD000956,603019,buy,300,36.96,11088.0,5.0,0.0,11.088000000000001,16.088,-11071.912
2023-12-01 00:00:00,ORD000957,603392,buy,200,49.0,9800.0,5.0,0.0,9.8,14.8,-9785.2
2023-12-01 00:00:00,ORD000958,600061,buy,1800,6.88,12384.0,5.0,0.0,12.384,17.384,-12366.616
2023-12-01 00:00:00,ORD000959,601689,buy,200,73.27,14654.0,5.0,0.0,14.654,19.654,-14634.346
2023-12-01 00:00:00,ORD000960,000988,buy,400,29.4,11760.0,5.0,0.0,11.76,16.759999999999998,-11743.24
2023-12-01 00:00:00,ORD000961,300274,buy,100,82.38,8238.0,5.0,0.0,8.238,13.238,-8224.762
2023-12-01 00:00:00,ORD000962,300251,buy,1600,7.93,12688.0,5.0,0.0,12.688,17.688000000000002,-12670.312
2023-12-01 00:00:00,ORD000963,000301,buy,1200,10.09,12108.0,5.0,0.0,12.108,17.108,-12090.892
2023-12-01 00:00:00,ORD000964,601360,buy,1400,8.68,12152.0,5.0,0.0,12.152000000000001,17.152,-12134.848
2023-12-01 00:00:00,ORD000965,600233,buy,900,13.15,11835.0,5.0,0.0,11.835,16.835,-11818.165
2023-12-01 00:00:00,ORD000966,000999,buy,300,48.39,14517.0,5.0,0.0,14.517,19.517,-14497.483
2023-12-01 00:00:00,ORD000967,002920,buy,100,129.4,12940.0,5.0,0.0,12.94,17.939999999999998,-12922.06
2023-12-01 00:00:00,ORD000968,600150,buy,500,27.41,13705.0,5.0,0.0,13.705,18.705,-13686.295
2023-12-01 00:00:00,ORD000969,688472,buy,900,11.88,10692.0,5.0,0.0,10.692,15.692,-10676.308
2023-12-01 00:00:00,ORD000970,603993,buy,2300,5.21,11983.0,5.0,0.0,11.983,16.983,-11966.017
2023-12-01 00:00:00,ORD000971,300628,buy,300,32.19,9657.0,5.0,0.0,9.657,14.657,-9642.343
2023-12-01 00:00:00,ORD000972,002493,buy,1100,10.77,11847.0,5.0,0.0,11.847,16.847,-11830.153
2023-12-01 00:00:00,ORD000973,300442,buy,500,26.58,13290.0,5.0,0.0,13.290000000000001,18.29,-13271.71
2023-12-01 00:00:00,ORD000974,300316,buy,200,43.2,8640.0,5.0,0.0,8.64,13.64,-8626.36
2023-12-01 00:00:00,ORD000975,002049,buy,100,72.37,7237.0,5.0,0.0,7.237,12.237,-7224.763
2023-12-01 00:00:00,ORD000976,002558,buy,1100,12.07,13277.0,5.0,0.0,13.277000000000001,18.277,-13258.723
2023-12-01 00:00:00,ORD000977,600845,buy,300,41.8,12540.0,5.0,0.0,12.540000000000001,17.54,-12522.46
2023-12-01 00:00:00,ORD000978,601100,buy,200,56.41,11282.0,5.0,0.0,11.282,16.282,-11265.718
2023-12-01 00:00:00,ORD000979,603288,buy,300,38.01,11403.0,5.0,0.0,11.403,16.403,-11386.597
2023-12-01 00:00:00,ORD000980,688303,buy,300,30.75,9225.0,5.0,0.0,9.225,14.225,-9210.775
2024-01-02 00:00:00,ORD000981,603986,sell,100,92.4,9240.0,5.0,4.62,9.24,18.86,9221.14
2024-01-02 00:00:00,ORD000982,000708,sell,900,14.03,12627.0,5.0,6.3135,12.627,23.9405,12603.0595
2024-01-02 00:00:00,ORD000983,600549,sell,700,17.25,12075.0,5.0,6.0375000000000005,12.075000000000001,23.112500000000004,12051.887499999999
2024-01-02 00:00:00,ORD000984,600845,sell,200,48.6,9720.0,5.0,4.86,9.72,19.58,9700.42
2024-01-02 00:00:00,ORD000985,603019,sell,300,39.39,11817.0,5.0,5.9085,11.817,22.7255,11794.274500000001
2024-01-02 00:00:00,ORD000986,002938,sell,600,22.33,13397.999999999998,5.0,6.698999999999999,13.397999999999998,25.096999999999994,13372.902999999998
2024-01-02 00:00:00,ORD000987,000988,sell,400,29.7,11880.0,5.0,5.94,11.88,22.82,11857.18
2024-01-02 00:00:00,ORD000988,600460,sell,500,22.8,11400.0,5.0,5.7,11.4,22.1,11377.9
2024-01-02 00:00:00,ORD000989,002916,sell,200,71.16,14232.0,5.0,7.1160000000000005,14.232000000000001,26.348,14205.652
2024-01-02 00:00:00,ORD000990,601360,sell,1200,8.99,10788.0,5.0,5.394,10.788,21.182000000000002,10766.818
2024-01-02 00:00:00,ORD000991,002466,sell,200,55.77,11154.0,5.0,5.577,11.154,21.731,11132.269
2024-01-02 00:00:00,ORD000992,002837,sell,500,27.52,13760.0,5.0,6.88,13.76,25.64,13734.36
2024-01-02 00:00:00,ORD000993,603501,sell,100,106.7,10670.0,5.0,5.335,10.67,21.005000000000003,10648.995
2024-01-02 00:00:00,ORD000994,688041,sell,200,70.77,14154.0,5.0,7.077,14.154,26.231,14127.769
2024-01-02 00:00:00,ORD000995,300661,sell,100,89.46,8946.0,5.0,4.473,8.946,18.418999999999997,8927.581
2024-01-02 00:00:00,ORD000996,601127,sell,300,77.5,23250.0,6.975,11.625,23.25,41.85,23208.15
2024-01-02 00:00:00,ORD000997,002074,sell,500,21.52,10760.0,5.0,5.38,10.76,21.14,10738.86
2024-01-02 00:00:00,ORD000998,300413,sell,400,25.38,10152.0,5.0,5.0760000000000005,10.152000000000001,20.228,10131.772
2024-01-02 00:00:00,ORD000999,002241,sell,800,21.15,16920.0,5.076,8.46,16.92,30.456000000000003,16889.544
2024-01-02 00:00:00,ORD001000,688223,sell,1200,8.83,10596.0,5.0,5.298,10.596,20.894,10575.106
2024-01-02 00:00:00,ORD001001,300450,sell,400,25.8,10320.0,5.0,5.16,10.32,20.48,10299.52
2024-01-02 00:00:00,ORD001002,300442,sell,500,25.33,12665.0,5.0,6.3325000000000005,12.665000000000001,23.997500000000002,12641.002499999999
2024-01-02 00:00:00,ORD001003,688008,sell,200,58.8,11760.0,5.0,5.88,11.76,22.64,11737.36
2024-01-02 00:00:00,ORD001004,600588,sell,700,17.8,12460.0,5.0,6.23,12.46,23.69,12436.310000000001
2024-01-02 00:00:00,ORD001005,601995,buy,300,37.98,11393.999999999998,5.0,0.0,11.393999999999998,16.394,-11377.605999999998
2024-01-02 00:00:00,ORD001006,601136,buy,500,16.97,8485.0,5.0,0.0,8.485,13.485,-8471.515
2024-01-02 00:00:00,ORD001007,601788,buy,700,15.43,10801.0,5.0,0.0,10.801,15.801,-10785.199
2024-01-02 00:00:00,ORD001008,000895,buy,400,26.66,10664.0,5.0,0.0,10.664,15.664,-10648.336
2024-01-02 00:00:00,ORD001010,300274,buy,100,87.5,8750.0,5.0,0.0,8.75,13.75,-8736.25
2024-01-02 00:00:00,ORD001011,301165,buy,300,37.88,11364.0,5.0,0.0,11.364,16.364,-11347.636
2024-01-02 00:00:00,ORD001012,300803,buy,200,61.0,12200.0,5.0,0.0,12.200000000000001,17.200000000000003,-12182.8
2024-01-02 00:00:00,ORD001013,688521,buy,200,49.82,9964.0,5.0,0.0,9.964,14.964,-9949.036
2024-01-02 00:00:00,ORD001014,601169,buy,2600,4.53,11778.0,5.0,0.0,11.778,16.778,-11761.222
2024-01-02 00:00:00,ORD001015,001965,buy,1200,9.75,11700.0,5.0,0.0,11.700000000000001,16.700000000000003,-11683.3
2024-01-02 00:00:00,ORD001016,002230,buy,200,46.35,9270.0,5.0,0.0,9.27,14.27,-9255.73
2024-01-02 00:00:00,ORD001017,300476,buy,600,18.5,11100.0,5.0,0.0,11.1,16.1,-11083.9
2024-01-02 00:00:00,ORD001018,300308,buy,100,112.85,11285.0,5.0,0.0,11.285,16.285,-11268.715
2024-01-02 00:00:00,ORD001019,003816,buy,4000,3.11,12440.0,5.0,0.0,12.44,17.439999999999998,-12422.56
2024-01-02 00:00:00,ORD001020,000651,buy,300,32.17,9651.0,5.0,0.0,9.651,14.651,-9636.349
2024-01-02 00:00:00,ORD001021,300394,buy,100,90.85,9085.0,5.0,0.0,9.085,14.085,-9070.915
2024-01-02 00:00:00,ORD001022,600570,buy,400,29.15,11660.0,5.0,0.0,11.66,16.66,-11643.34
2024-01-02 00:00:00,ORD001023,601138,buy,800,15.0,12000.0,5.0,0.0,12.0,17.0,-11983.0
2024-01-02 00:00:00,ORD001024,601816,buy,2300,4.92,11316.0,5.0,0.0,11.316,16.316000000000003,-11299.684
2024-01-02 00:00:00,ORD001025,600018,buy,2400,4.9,11760.0,5.0,0.0,11.76,16.759999999999998,-11743.24
2024-01-02 00:00:00,ORD001026,601006,buy,1600,7.19,11504.0,5.0,0.0,11.504,16.503999999999998,-11487.496
2024-01-02 00:00:00,ORD001027,300316,buy,200,44.0,8800.0,5.0,0.0,8.8,13.8,-8786.2
2024-01-02 00:00:00,ORD001028,600362,buy,600,17.88,10728.0,5.0,0.0,10.728,15.728,-10712.272
2024-01-02 00:00:00,ORD001029,601857,buy,1600,7.06,11296.0,5.0,0.0,11.296,16.296,-11279.704
2024-02-01 00:00:00,ORD001009,000657,buy,1300,7.7,10010.0,5.0,0.0,10.01,15.01,-9994.99
2024-02-01 00:00:00,ORD001030,000657,sell,1400,7.7,10780.0,5.0,5.39,10.78,21.17,10758.83
2024-02-01 00:00:00,ORD001031,600845,sell,300,40.9,12270.0,5.0,6.135,12.27,23.405,12246.595
2024-02-01 00:00:00,ORD001032,603019,sell,300,31.0,9300.0,5.0,4.65,9.3,18.950000000000003,9281.050000000001
2024-02-01 00:00:00,ORD001033,000988,sell,400,25.42,10168.0,5.0,5.0840000000000005,10.168000000000001,20.252000000000002,10147.748
2024-02-01 00:00:00,ORD001034,300274,sell,200,78.07,15613.999999999998,5.0,7.8069999999999995,15.613999999999999,28.421,15585.578999999998
2024-02-01 00:00:00,ORD001035,301165,sell,300,29.1,8730.0,5.0,4.365,8.73,18.095,8711.905
2024-02-01 00:00:00,ORD001036,601360,sell,1400,6.79,9506.0,5.0,4.753,9.506,19.259,9486.741
2024-02-01 00:00:00,ORD001037,002230,sell,200,37.91,7581.999999999999,5.0,3.7909999999999995,7.581999999999999,16.372999999999998,7565.626999999999
2024-02-01 00:00:00,ORD001038,300308,sell,100,103.79,10379.0,5.0,5.1895,10.379,20.5685,10358.431499999999
2024-02-01 00:00:00,ORD001039,300442,sell,500,15.9,7950.0,5.0,3.975,7.95,16.925,7933.075
2024-02-01 00:00:00,ORD001040,601888,sell,100,79.39,7939.0,5.0,3.9695,7.939,16.9085,7922.0914999999995
2024-02-01 00:00:00,ORD001041,601012,sell,500,19.09,9545.0,5.0,4.7725,9.545,19.317500000000003,9525.6825
2024-02-01 00:00:00,ORD001042,603392,sell,200,54.28,10856.0,5.0,5.428,10.856,21.284,10834.716
2024-02-01 00:00:00,ORD001043,600061,sell,1800,6.62,11916.0,5.0,5.958,11.916,22.874000000000002,11893.126
2024-02-01 00:00:00,ORD001044,601689,sell,200,48.7,9740.0,5.0,4.87,9.74,19.61,9720.39
2024-02-01 00:00:00,ORD001045,300251,sell,1600,7.39,11824.0,5.0,5.912,11.824,22.735999999999997,11801.264
2024-02-01 00:00:00,ORD001046,000301,sell,1200,9.79,11747.999999999998,5.0,5.873999999999999,11.747999999999998,22.621999999999996,11725.377999999999
2024-02-01 00:00:00,ORD001047,600233,sell,900,11.09,9981.0,5.0,4.9905,9.981,19.9715,9961.0285
2024-02-01 00:00:00,ORD001048,000999,sell,300,51.84,15552.000000000002,5.0,7.776000000000001,15.552000000000001,28.328000000000003,15523.672000000002
2024-02-01 00:00:00,ORD001049,002920,sell,100,85.09,8509.0,5.0,4.2545,8.509,17.7635,8491.2365
2024-02-01 00:00:00,ORD001050,600150,sell,500,30.16,15080.0,5.0,7.54,15.08,27.619999999999997,15052.38
2024-02-01 00:00:00,ORD001051,688472,sell,900,12.85,11565.0,5.0,5.7825,11.565,22.347499999999997,11542.6525
2024-02-01 00:00:00,ORD001052,603993,sell,2300,5.34,12282.0,5.0,6.141,12.282,23.423000000000002,12258.577000000001
2024-02-01 00:00:00,ORD001053,300628,sell,300,24.3,7290.0,5.0,3.645,7.29,15.934999999999999,7274.065
2024-02-01 00:00:00,ORD001054,002493,sell,1100,9.37,10307.0,5.0,5.1535,10.307,20.460500000000003,10286.539499999999
2024-02-01 00:00:00,ORD001055,300316,sell,200,32.37,6473.999999999999,5.0,3.2369999999999997,6.473999999999999,14.710999999999999,6459.288999999999
2024-02-01 00:00:00,ORD001056,002049,sell,100,52.29,5229.0,5.0,2.6145,5.229,12.843499999999999,5216.1565
2024-02-01 00:00:00,ORD001057,601100,sell,200,48.67,9734.0,5.0,4.867,9.734,19.601,9714.399
2024-02-01 00:00:00,ORD001058,603288,sell,300,34.1,10230.0,5.0,5.115,10.23,20.345,10209.655
2024-02-01 00:00:00,ORD001059,688303,sell,300,26.11,7833.0,5.0,3.9165,7.833,16.749499999999998,7816.2505
2024-02-01 00:00:00,ORD001060,600039,buy,1700,7.93,13481.0,5.0,0.0,13.481,18.481,-13462.519
2024-02-01 00:00:00,ORD001061,600522,buy,1000,11.54,11540.0,5.0,0.0,11.540000000000001,16.54,-11523.46
2024-02-01 00:00:00,ORD001062,600690,buy,600,22.3,13380.0,5.0,0.0,13.38,18.380000000000003,-13361.62
2024-02-01 00:00:00,ORD001063,601009,buy,1800,8.28,14903.999999999998,5.0,0.0,14.903999999999998,19.903999999999996,-14884.095999999998
2024-02-01 00:00:00,ORD001064,000333,buy,200,58.23,11646.0,5.0,0.0,11.646,16.646,-11629.354
2024-02-01 00:00:00,ORD001065,603369,buy,200,43.95,8790.0,5.0,0.0,8.790000000000001,13.790000000000001,-8776.21
2024-02-01 00:00:00,ORD001066,600919,buy,1900,7.3,13870.0,5.0,0.0,13.870000000000001,18.87,-13851.13
2024-02-01 00:00:00,ORD001067,600585,buy,500,23.04,11520.0,5.0,0.0,11.52,16.52,-11503.48
2024-02-01 00:00:00,ORD001068,601727,buy,3100,3.97,12307.0,5.0,0.0,12.307,17.307000000000002,-12289.693
2024-02-01 00:00:00,ORD001069,601766,buy,2500,5.67,14175.0,5.0,0.0,14.175,19.175,-14155.825
2024-02-01 00:00:00,ORD001070,600926,buy,1300,10.85,14105.0,5.0,0.0,14.105,19.105,-14085.895
2024-02-01 00:00:00,ORD001071,002202,buy,1600,6.91,11056.0,5.0,0.0,11.056000000000001,16.056,-11039.944
2024-02-01 00:00:00,ORD001072,600009,buy,400,33.0,13200.0,5.0,0.0,13.200000000000001,18.200000000000003,-13181.8
2024-02-01 00:00:00,ORD001073,000938,buy,600,15.53,9318.0,5.0,0.0,9.318,14.318,-9303.682
2024-02-01 00:00:00,ORD001074,600570,buy,400,20.97,8388.0,5.0,0.0,8.388,13.388,-8374.612
2024-02-01 00:00:00,ORD001075,601138,buy,800,13.13,10504.0,5.0,0.0,10.504,15.504,-10488.496
2024-02-01 00:00:00,ORD001076,002074,buy,600,18.6,11160.0,5.0,0.0,11.16,16.16,-11143.84
2024-02-01 00:00:00,ORD001077,601186,buy,1700,8.4,14280.0,5.0,0.0,14.280000000000001,19.28,-14260.72
2024-02-01 00:00:00,ORD001078,601698,buy,700,14.39,10073.0,5.0,0.0,10.073,15.073,-10057.927
2024-02-01 00:00:00,ORD001079,601816,buy,2700,4.95,13365.0,5.0,0.0,13.365,18.365000000000002,-13346.635
2024-02-01 00:00:00,ORD001080,000708,buy,900,13.74,12366.0,5.0,0.0,12.366,17.366,-12348.634
2024-02-01 00:00:00,ORD001081,002353,buy,400,26.25,10500.0,5.0,0.0,10.5,15.5,-10484.5
2024-02-01 00:00:00,ORD001082,600010,buy,9000,1.41,12690.0,5.0,0.0,12.69,17.689999999999998,-12672.31
2024-02-01 00:00:00,ORD001083,600362,buy,700,17.75,12425.0,5.0,0.0,12.425,17.425,-12407.575
2024-02-01 00:00:00,ORD001084,002558,buy,1100,9.1,10010.0,5.0,0.0,10.01,15.01,-9994.99
2024-02-01 00:00:00,ORD001085,601857,buy,1800,8.2,14759.999999999998,5.0,0.0,14.759999999999998,19.759999999999998,-14740.239999999998
2024-03-01 00:00:00,ORD001086,600570,sell,700,24.4,17080.0,5.124,8.540000000000001,17.080000000000002,30.744000000000003,17049.255999999998
2024-03-01 00:00:00,ORD001087,300274,sell,100,87.22,8722.0,5.0,4.361,8.722,18.083,8703.917
2024-03-01 00:00:00,ORD001088,301165,sell,300,37.72,11316.0,5.0,5.658,11.316,21.974000000000004,11294.026
2024-03-01 00:00:00,ORD001089,002230,sell,200,49.87,9974.0,5.0,4.987,9.974,19.961,9954.039
2024-03-01 00:00:00,ORD001090,300308,sell,100,156.03,15603.0,5.0,7.8015,15.603,28.4045,15574.595500000001
2024-03-01 00:00:00,ORD001091,300316,sell,200,37.0,7400.0,5.0,3.7,7.4,16.1,7383.900000000001
2024-03-01 00:00:00,ORD001092,601995,sell,300,34.91,10472.999999999998,5.0,5.2364999999999995,10.472999999999999,20.7095,10452.290499999997
2024-03-01 00:00:00,ORD001093,601136,sell,500,22.0,11000.0,5.0,5.5,11.0,21.5,10978.5
2024-03-01 00:00:00,ORD001094,601788,sell,700,16.88,11816.0,5.0,5.908,11.816,22.724000000000004,11793.276
2024-03-01 00:00:00,ORD001095,000895,sell,400,29.18,11672.0,5.0,5.836,11.672,22.508000000000003,11649.492
2024-03-01 00:00:00,ORD001096,688521,sell,200,41.03,8206.0,5.0,4.103,8.206,17.308999999999997,8188.691000000001
2024-03-01 00:00:00,ORD001097,601169,sell,2600,5.19,13494.000000000002,5.0,6.747000000000001,13.494000000000002,25.241,13468.759000000002
2024-03-01 00:00:00,ORD001098,001965,sell,1200,10.51,12612.0,5.0,6.306,12.612,23.918,12588.082
2024-03-01 00:00:00,ORD001099,300476,sell,600,22.1,13260.0,5.0,6.63,13.26,24.89,13235.11
2024-03-01 00:00:00,ORD001100,003816,sell,4000,3.86,15440.0,5.0,7.72,15.44,28.159999999999997,15411.84
2024-03-01 00:00:00,ORD001101,000651,sell,300,39.08,11724.0,5.0,5.862,11.724,22.586,11701.414
2024-03-01 00:00:00,ORD001102,300394,sell,100,135.0,13500.0,5.0,6.75,13.5,25.25,13474.75
2024-03-01 00:00:00,ORD001103,601138,sell,800,19.05,15240.0,5.0,7.62,15.24,27.86,15212.14
2024-03-01 00:00:00,ORD001104,601816,sell,2300,5.04,11592.0,5.0,5.796,11.592,22.387999999999998,11569.612
2024-03-01 00:00:00,ORD001105,600018,sell,2400,5.41,12984.0,5.0,6.492,12.984,24.476,12959.524
2024-03-01 00:00:00,ORD001106,601006,sell,1600,7.43,11888.0,5.0,5.944,11.888,22.832,11865.168
2024-03-01 00:00:00,ORD001107,600362,sell,600,19.46,11676.0,5.0,5.838,11.676,22.514000000000003,11653.486
2024-03-01 00:00:00,ORD001108,601857,sell,1600,8.78,14047.999999999998,5.0,7.023999999999999,14.047999999999998,26.071999999999996,14021.927999999998
2024-03-01 00:00:00,ORD001109,600999,buy,900,14.09,12681.0,5.0,0.0,12.681000000000001,17.681,-12663.319
2024-03-01 00:00:00,ORD001110,002415,buy,400,34.93,13972.0,5.0,0.0,13.972,18.972,-13953.028
2024-03-01 00:00:00,ORD001111,600104,buy,900,14.99,13491.0,5.0,0.0,13.491,18.491,-13472.509
2024-03-01 00:00:00,ORD001112,603019,buy,400,48.95,19580.0,5.874,0.0,19.580000000000002,25.454,-19554.546
2024-03-01 00:00:00,ORD001113,600760,buy,300,38.44,11532.0,5.0,0.0,11.532,16.532,-11515.468
2024-03-01 00:00:00,ORD001114,000807,buy,1100,11.61,12771.0,5.0,0.0,12.771,17.771,-12753.229
2024-03-01 00:00:00,ORD001115,002625,buy,1000,14.73,14730.0,5.0,0.0,14.73,19.73,-14710.27
2024-03-01 00:00:00,ORD001116,002736,buy,1500,8.62,12929.999999999998,5.0,0.0,12.929999999999998,17.93,-12912.069999999998
2024-03-01 00:00:00,ORD001117,300803,buy,200,49.15,9830.0,5.0,0.0,9.83,14.83,-9815.17
2024-03-01 00:00:00,ORD001118,603893,buy,200,54.5,10900.0,5.0,0.0,10.9,15.9,-10884.1
2024-03-01 00:00:00,ORD001119,002352,buy,300,38.38,11514.0,5.0,0.0,11.514000000000001,16.514000000000003,-11497.486
2024-03-01 00:00:00,ORD001120,002532,buy,2400,5.67,13608.0,5.0,0.0,13.608,18.608,-13589.392
2024-03-01 00:00:00,ORD001121,600346,buy,1000,12.72,12720.0,5.0,0.0,12.72,17.72,-12702.28
2024-03-01 00:00:00,ORD001122,302132,buy,300,41.18,12354.0,5.0,0.0,12.354000000000001,17.354,-12336.646
2024-03-01 00:00:00,ORD001123,600547,buy,600,21.69,13014.0,5.0,0.0,13.014000000000001,18.014000000000003,-12995.986
2024-03-01 00:00:00,ORD001124,600406,buy,600,23.03,13818.0,5.0,0.0,13.818,18.817999999999998,-13799.182
2024-03-01 00:00:00,ORD001125,601688,buy,900,14.53,13077.0,5.0,0.0,13.077,18.076999999999998,-13058.923
2024-03-01 00:00:00,ORD001126,603260,buy,200,53.1,10620.0,5.0,0.0,10.620000000000001,15.620000000000001,-10604.38
2024-03-01 00:00:00,ORD001127,301308,buy,100,82.5,8250.0,5.0,0.0,8.25,13.25,-8236.75
2024-03-01 00:00:00,ORD001128,300124,buy,200,63.21,12642.0,5.0,0.0,12.642,17.642,-12624.358
2024-03-01 00:00:00,ORD001129,600989,buy,900,15.29,13761.0,5.0,0.0,13.761000000000001,18.761000000000003,-13742.239
2024-03-01 00:00:00,ORD001130,600309,buy,100,79.2,7920.0,5.0,0.0,7.92,12.92,-7907.08
2024-03-01 00:00:00,ORD001131,601238,buy,1500,8.9,13350.0,5.0,0.0,13.35,18.35,-13331.65
2024-03-01 00:00:00,ORD001132,002311,buy,300,43.01,12903.0,5.0,0.0,12.903,17.903,-12885.097
2024-03-01 00:00:00,ORD001133,300442,buy,800,26.13,20904.0,6.271199999999999,0.0,20.904,27.1752,-20876.824800000002
2024-03-01 00:00:00,ORD001134,600010,buy,9000,1.54,13860.0,5.0,0.0,13.86,18.86,-13841.14
2024-03-01 00:00:00,ORD001135,002558,buy,1300,11.28,14664.0,5.0,0.0,14.664,19.664,-14644.336
2024-03-01 00:00:00,ORD001136,600845,buy,300,46.89,14067.0,5.0,0.0,14.067,19.067,-14047.933
2024-03-01 00:00:00,ORD001137,002179,buy,400,34.45,13780.000000000002,5.0,0.0,13.780000000000003,18.78,-13761.220000000001
2024-04-01 00:00:00,ORD001138,600570,sell,400,22.75,9100.0,5.0,4.55,9.1,18.65,9081.35
2024-04-01 00:00:00,ORD001139,000657,sell,1300,10.54,13701.999999999998,5.0,6.850999999999999,13.701999999999998,25.552999999999997,13676.446999999998
2024-04-01 00:00:00,ORD001140,002558,sell,2200,11.96,26312.000000000004,7.8936,13.156000000000002,26.312000000000005,47.36160000000001,26264.638400000003
2024-04-01 00:00:00,ORD001141,300803,sell,200,44.5,8900.0,5.0,4.45,8.9,18.35,8881.65
2024-04-01 00:00:00,ORD001142,601138,sell,800,22.9,18320.0,5.4959999999999996,9.16,18.32,32.976,18287.024
2024-04-01 00:00:00,ORD001143,601816,sell,2700,5.03,13581.0,5.0,6.7905,13.581,25.371499999999997,13555.6285
2024-04-01 00:00:00,ORD001144,600362,sell,700,23.62,16534.0,5.0,8.267,16.534,29.801,16504.199
2024-04-01 00:00:00,ORD001145,601857,sell,1800,9.8,17640.0,5.292,8.82,17.64,31.752000000000002,17608.248
2024-04-01 00:00:00,ORD001146,600039,sell,1700,7.6,12920.0,5.0,6.46,12.92,24.380000000000003,12895.62
2024-04-01 00:00:00,ORD001147,600522,sell,1000,14.15,14150.0,5.0,7.075,14.15,26.225,14123.775
2024-04-01 00:00:00,ORD001148,600690,sell,600,25.15,15090.0,5.0,7.545,15.09,27.634999999999998,15062.365
2024-04-01 00:00:00,ORD001149,601009,sell,1800,8.99,16182.0,5.0,8.091,16.182,29.272999999999996,16152.726999999999
2024-04-01 00:00:00,ORD001150,000333,sell,200,64.5,12900.0,5.0,6.45,12.9,24.35,12875.65
2024-04-01 00:00:00,ORD001151,603369,sell,200,58.99,11798.0,5.0,5.899,11.798,22.697000000000003,11775.303
2024-04-01 00:00:00,ORD001152,600919,sell,1900,7.91,15029.0,5.0,7.5145,15.029,27.5435,15001.4565
2024-04-01 00:00:00,ORD001153,600585,sell,500,22.31,11155.0,5.0,5.5775,11.155,21.7325,11133.2675
2024-04-01 00:00:00,ORD001154,601766,sell,2500,6.84,17100.0,5.13,8.55,17.1,30.78,17069.22
2024-04-01 00:00:00,ORD001155,600926,sell,1300,11.15,14495.0,5.0,7.2475000000000005,14.495000000000001,26.7425,14468.2575
2024-04-01 00:00:00,ORD001156,600009,sell,400,36.49,14596.0,5.0,7.298,14.596,26.894,14569.106
2024-04-01 00:00:00,ORD001157,000938,sell,600,21.72,13032.0,5.0,6.516,13.032,24.548000000000002,13007.452000000001
2024-04-01 00:00:00,ORD001158,002074,sell,600,20.38,12228.0,5.0,6.114,12.228,23.342,12204.658000000001
2024-04-01 00:00:00,ORD001159,601186,sell,1700,8.61,14636.999999999998,5.0,7.318499999999999,14.636999999999999,26.9555,14610.044499999998
2024-04-01 00:00:00,ORD001160,601698,sell,700,16.2,11340.0,5.0,5.67,11.34,22.009999999999998,11317.99
2024-04-01 00:00:00,ORD001161,000708,sell,900,15.11,13599.0,5.0,6.7995,13.599,25.3985,13573.6015
2024-04-01 00:00:00,ORD001162,002353,sell,400,30.25,12100.0,5.0,6.05,12.1,23.15,12076.85
2024-04-01 00:00:00,ORD001163,600010,sell,9000,1.6,14400.0,5.0,7.2,14.4,26.6,14373.4
2024-04-01 00:00:00,ORD001164,601066,buy,300,22.05,6615.0,5.0,0.0,6.615,11.615,-6603.385
2024-04-01 00:00:00,ORD001165,300059,buy,600,13.04,7823.999999999999,5.0,0.0,7.823999999999999,12.823999999999998,-7811.1759999999995
2024-04-01 00:00:00,ORD001166,300999,buy,200,30.26,6052.0,5.0,0.0,6.0520000000000005,11.052,-6040.948
2024-04-01 00:00:00,ORD001167,000807,buy,800,14.16,11328.0,5.0,0.0,11.328,16.328,-11311.672
2024-04-01 00:00:00,ORD001168,600918,buy,1300,6.7,8710.0,5.0,0.0,8.71,13.71,-8696.29
2024-04-01 00:00:00,ORD001169,300251,buy,1000,10.78,10780.0,5.0,0.0,10.78,15.78,-10764.22
2024-04-01 00:00:00,ORD001170,002027,buy,1400,6.53,9142.0,5.0,0.0,9.142,14.142,-9127.858
2024-04-01 00:00:00,ORD001171,600048,buy,900,9.09,8181.0,5.0,0.0,8.181000000000001,13.181000000000001,-8167.819
2024-04-01 00:00:00,ORD001172,300433,buy,700,13.73,9611.0,5.0,0.0,9.611,14.611,-9596.389
2024-04-01 00:00:00,ORD001173,601727,buy,2200,4.23,9306.000000000002,5.0,0.0,9.306000000000003,14.306000000000003,-9291.694000000001
2024-04-01 00:00:00,ORD001174,600176,buy,900,10.78,9702.0,5.0,0.0,9.702,14.702,-9687.298
2024-04-01 00:00:00,ORD001175,600111,buy,400,19.48,7792.0,5.0,0.0,7.792,12.792,-7779.208
2024-04-01 00:00:00,ORD001176,601456,buy,800,11.53,9224.0,5.0,0.0,9.224,14.224,-9209.776
2024-04-01 00:00:00,ORD001177,600346,buy,700,14.06,9842.0,5.0,0.0,9.842,14.842,-9827.158
2024-04-01 00:00:00,ORD001178,002202,buy,1200,7.57,9084.0,5.0,0.0,9.084,14.084,-9069.916
2024-04-01 00:00:00,ORD001179,002600,buy,1700,5.52,9384.0,5.0,0.0,9.384,14.384,-9369.616
2024-04-01 00:00:00,ORD001180,600549,buy,500,19.7,9850.0,5.0,0.0,9.85,14.85,-9835.15
2024-04-01 00:00:00,ORD001181,300015,buy,600,12.82,7692.0,5.0,0.0,7.692,12.692,-7679.308
2024-04-01 00:00:00,ORD001182,601018,buy,2600,3.42,8892.0,5.0,0.0,8.892,13.892,-8878.108
2024-04-01 00:00:00,ORD001183,603260,buy,100,49.5,4950.0,5.0,0.0,4.95,9.95,-4940.05
2024-04-01 00:00:00,ORD001184,600989,buy,600,16.38,9828.0,5.0,0.0,9.828,14.828,-9813.172
2024-04-01 00:00:00,ORD001185,601377,buy,1600,5.52,8832.0,5.0,0.0,8.832,13.832,-8818.168
2024-04-01 00:00:00,ORD001186,000792,buy,500,16.1,8050.000000000001,5.0,0.0,8.05,13.05,-8036.950000000001
2024-04-01 00:00:00,ORD001187,002602,buy,1900,4.78,9082.0,5.0,0.0,9.082,14.082,-9067.918
2024-04-01 00:00:00,ORD001188,601238,buy,1000,8.79,8790.0,5.0,0.0,8.790000000000001,13.790000000000001,-8776.21
2024-04-01 00:00:00,ORD001189,601006,buy,1200,7.34,8808.0,5.0,0.0,8.808,13.808,-8794.192
2024-04-01 00:00:00,ORD001190,001979,buy,900,9.4,8460.0,5.0,0.0,8.46,13.46,-8446.54
2024-04-01 00:00:00,ORD001191,600547,buy,400,28.8,11520.0,5.0,0.0,11.52,16.52,-11503.48
2024-05-06 00:00:00,ORD001192,002558,sell,1300,12.0,15600.0,5.0,7.8,15.6,28.4,15571.6
2024-05-06 00:00:00,ORD001193,300803,sell,200,47.86,9572.0,5.0,4.7860000000000005,9.572000000000001,19.358000000000004,9552.642
2024-05-06 00:00:00,ORD001194,002202,sell,1600,7.83,12528.0,5.0,6.264,12.528,23.792,12504.208
2024-05-06 00:00:00,ORD001195,600010,sell,9000,1.61,14490.0,5.0,7.245,14.49,26.735,14463.265
2024-05-06 00:00:00,ORD001196,600999,sell,900,14.81,13329.0,5.0,6.6645,13.329,24.9935,13304.0065
2024-05-06 00:00:00,ORD001197,002415,sell,400,33.51,13404.0,5.0,6.702,13.404,25.106,13378.894
2024-05-06 00:00:00,ORD001198,603019,sell,400,48.62,19448.0,5.8344,9.724,19.448,35.0064,19412.9936
2024-05-06 00:00:00,ORD001199,600760,sell,300,38.96,11688.0,5.0,5.844,11.688,22.532000000000004,11665.468
2024-05-06 00:00:00,ORD001200,000807,sell,1100,14.37,15807.0,5.0,7.9035,15.807,28.710500000000003,15778.289499999999
2024-05-06 00:00:00,ORD001201,002625,sell,1000,20.07,20070.0,6.021,10.035,20.07,36.126000000000005,20033.874
2024-05-06 00:00:00,ORD001202,002736,sell,1500,9.13,13695.000000000002,5.0,6.847500000000001,13.695000000000002,25.542500000000004,13669.457500000002
2024-05-06 00:00:00,ORD001203,603893,sell,200,58.79,11758.0,5.0,5.8790000000000004,11.758000000000001,22.637,11735.363
2024-05-06 00:00:00,ORD001204,002352,sell,300,37.1,11130.0,5.0,5.565,11.13,21.695,11108.305
2024-05-06 00:00:00,ORD001205,002532,sell,2400,7.56,18144.0,5.443199999999999,9.072000000000001,18.144000000000002,32.6592,18111.340799999998
2024-05-06 00:00:00,ORD001206,600346,sell,1000,15.59,15590.0,5.0,7.795,15.59,28.384999999999998,15561.615
2024-05-06 00:00:00,ORD001207,302132,sell,300,42.77,12831.000000000002,5.0,6.415500000000001,12.831000000000001,24.246500000000005,12806.753500000003
2024-05-06 00:00:00,ORD001208,600547,sell,600,28.29,16974.0,5.092199999999999,8.487,16.974,30.5532,16943.4468
2024-05-06 00:00:00,ORD001209,600406,sell,600,24.01,14406.000000000002,5.0,7.203000000000001,14.406000000000002,26.609,14379.391000000001
2024-05-06 00:00:00,ORD001210,601688,sell,900,13.95,12555.0,5.0,6.2775,12.555,23.8325,12531.1675
2024-05-06 00:00:00,ORD001211,603260,sell,200,49.26,9852.0,5.0,4.926,9.852,19.778,9832.222
2024-05-06 00:00:00,ORD001212,301308,sell,100,98.1,9810.0,5.0,4.905,9.81,19.715000000000003,9790.285
2024-05-06 00:00:00,ORD001213,300124,sell,200,59.55,11910.0,5.0,5.955,11.91,22.865000000000002,11887.135
2024-05-06 00:00:00,ORD001214,600989,sell,900,16.65,14984.999999999998,5.0,7.492499999999999,14.984999999999998,27.4775,14957.522499999997
2024-05-06 00:00:00,ORD001215,601238,sell,1500,8.89,13335.0,5.0,6.6675,13.335,25.0025,13309.997500000001
2024-05-06 00:00:00,ORD001216,002311,sell,300,50.55,15165.0,5.0,7.5825000000000005,15.165000000000001,27.747500000000002,15137.252499999999
2024-05-06 00:00:00,ORD001217,300442,sell,800,32.06,25648.0,7.694399999999999,12.824,25.648,46.166399999999996,25601.833599999998
2024-05-06 00:00:00,ORD001218,600845,sell,300,41.5,12450.0,5.0,6.2250000000000005,12.450000000000001,23.675000000000004,12426.324999999999
2024-05-06 00:00:00,ORD001219,002179,sell,400,34.74,13896.0,5.0,6.948,13.896,25.844,13870.155999999999
2024-05-06 00:00:00,ORD001220,002384,buy,900,15.66,14094.0,5.0,0.0,14.094,19.094,-14074.906
2024-05-06 00:00:00,ORD001221,601398,buy,2500,5.45,13625.0,5.0,0.0,13.625,18.625,-13606.375
2024-05-06 00:00:00,ORD001222,600104,buy,800,14.94,11952.0,5.0,0.0,11.952,16.951999999999998,-11935.048
2024-05-06 00:00:00,ORD001223,600000,buy,1800,7.82,14076.0,5.0,0.0,14.076,19.076,-14056.924
2024-05-06 00:00:00,ORD001224,600015,buy,2000,6.77,13540.0,5.0,0.0,13.540000000000001,18.54,-13521.46
2024-05-06 00:00:00,ORD001225,600919,buy,1700,8.12,13803.999999999998,5.0,0.0,13.803999999999998,18.804,-13785.195999999998
2024-05-06 00:00:00,ORD001226,600011,buy,1400,9.33,13062.0,5.0,0.0,13.062,18.061999999999998,-13043.938
2024-05-06 00:00:00,ORD001228,600016,buy,3300,3.97,13101.0,5.0,0.0,13.101,18.101,-13082.899
2024-05-06 00:00:00,ORD001229,601727,buy,3100,4.33,13423.0,5.0,0.0,13.423,18.423000000000002,-13404.577
2024-05-06 00:00:00,ORD001230,601668,buy,2500,5.41,13525.0,5.0,0.0,13.525,18.525,-13506.475
2024-05-06 00:00:00,ORD001231,600886,buy,800,16.08,12863.999999999998,5.0,0.0,12.863999999999999,17.863999999999997,-12846.135999999999
2024-05-06 00:00:00,ORD001232,600926,buy,1200,12.97,15564.0,5.0,0.0,15.564,20.564,-15543.436
2024-05-06 00:00:00,ORD001233,601328,buy,2100,6.92,14532.0,5.0,0.0,14.532,19.532,-14512.468
2024-05-06 00:00:00,ORD001234,600900,buy,500,25.79,12895.0,5.0,0.0,12.895,17.895,-12877.105
2024-05-06 00:00:00,ORD001235,601319,buy,2500,5.37,13425.0,5.0,0.0,13.425,18.425,-13406.575
2024-05-06 00:00:00,ORD001236,600674,buy,800,16.79,13432.0,5.0,0.0,13.432,18.432000000000002,-13413.568
2024-05-06 00:00:00,ORD001237,603986,buy,100,80.02,8002.0,5.0,0.0,8.002,13.002,-7988.998
2024-05-06 00:00:00,ORD001238,601816,buy,2600,5.32,13832.0,5.0,0.0,13.832,18.832,-13813.168
2024-05-06 00:00:00,ORD001239,600018,buy,2500,5.68,14200.0,5.0,0.0,14.200000000000001,19.200000000000003,-14180.8
2024-05-06 00:00:00,ORD001240,600309,buy,100,91.0,9100.0,5.0,0.0,9.1,14.1,-9085.9
2024-05-06 00:00:00,ORD001241,601658,buy,2800,4.85,13579.999999999998,5.0,0.0,13.579999999999998,18.58,-13561.419999999998
2024-05-06 00:00:00,ORD001242,601166,buy,800,17.0,13600.0,5.0,0.0,13.6,18.6,-13581.4
2024-05-06 00:00:00,ORD001243,300033,buy,100,124.11,12411.0,5.0,0.0,12.411,17.411,-12393.589
2024-05-06 00:00:00,ORD001244,601088,buy,300,39.69,11907.0,5.0,0.0,11.907,16.907,-11890.093
2024-05-06 00:00:00,ORD001245,688271,buy,100,133.99,13399.0,5.0,0.0,13.399000000000001,18.399,-13380.601
2024-05-06 00:00:00,ORD001246,002304,buy,100,95.96,9596.0,5.0,0.0,9.596,14.596,-9581.404
2024-05-06 00:00:00,ORD001247,601988,buy,3000,4.61,13830.000000000002,5.0,0.0,13.830000000000002,18.830000000000002,-13811.170000000002
2024-06-03 00:00:00,ORD001227,688506,buy,100,177.5,17750.0,5.324999999999999,0.0,17.75,23.075,-17726.925
2024-06-03 00:00:00,ORD001248,601727,sell,5300,4.2,22260.0,6.677999999999999,11.13,22.26,40.068,22219.932
2024-06-03 00:00:00,ORD001249,002202,sell,1200,7.8,9360.0,5.0,4.68,9.36,19.04,9340.96
2024-06-03 00:00:00,ORD001250,600104,sell,900,14.16,12744.0,5.0,6.372,12.744,24.116,12719.884
2024-06-03 00:00:00,ORD001251,000807,sell,800,14.49,11592.0,5.0,5.796,11.592,22.387999999999998,11569.612
2024-06-03 00:00:00,ORD001252,600346,sell,700,14.3,10010.0,5.0,5.005,10.01,20.015,9989.985
2024-06-03 00:00:00,ORD001253,600547,sell,400,28.5,11400.0,5.0,5.7,11.4,22.1,11377.9
2024-06-03 00:00:00,ORD001254,600989,sell,600,16.42,9852.000000000002,5.0,4.926000000000001,9.852000000000002,19.778000000000006,9832.222000000002
2024-06-03 00:00:00,ORD001255,600309,sell,100,87.25,8725.0,5.0,4.3625,8.725,18.0875,8706.9125
2024-06-03 00:00:00,ORD001256,601238,sell,1000,8.6,8600.0,5.0,4.3,8.6,17.9,8582.1
2024-06-03 00:00:00,ORD001257,601066,sell,300,20.98,6294.0,5.0,3.1470000000000002,6.2940000000000005,14.441,6279.559
2024-06-03 00:00:00,ORD001258,300059,sell,600,12.33,7398.0,5.0,3.6990000000000003,7.398000000000001,16.097,7381.903
2024-06-03 00:00:00,ORD001259,300999,sell,200,30.08,6016.0,5.0,3.008,6.016,14.024,6001.976000000001
2024-06-03 00:00:00,ORD001260,600918,sell,1300,6.23,8099.000000000001,5.0,4.0495,8.099,17.1485,8081.851500000001
2024-06-03 00:00:00,ORD001261,300251,sell,1000,9.1,9100.0,5.0,4.55,9.1,18.65,9081.35
2024-06-03 00:00:00,ORD001262,002027,sell,1400,6.33,8862.0,5.0,4.431,8.862,18.293,8843.707
2024-06-03 00:00:00,ORD001263,600048,sell,900,10.09,9081.0,5.0,4.5405,9.081,18.621499999999997,9062.3785
2024-06-03 00:00:00,ORD001264,300433,sell,700,15.3,10710.0,5.0,5.355,10.71,21.065,10688.935000000001
2024-06-03 00:00:00,ORD001265,600176,sell,900,11.6,10440.0,5.0,5.22,10.44,20.659999999999997,10419.34
2024-06-03 00:00:00,ORD001266,600111,sell,400,18.86,7544.0,5.0,3.7720000000000002,7.5440000000000005,16.316000000000003,7527.684
2024-06-03 00:00:00,ORD001267,601456,sell,800,10.87,8696.0,5.0,4.348,8.696,18.043999999999997,8677.956
2024-06-03 00:00:00,ORD001268,002600,sell,1700,4.93,8381.0,5.0,4.1905,8.381,17.5715,8363.4285
2024-06-03 00:00:00,ORD001269,600549,sell,500,18.96,9480.0,5.0,4.74,9.48,19.22,9460.78
2024-06-03 00:00:00,ORD001270,300015,sell,600,12.12,7271.999999999999,5.0,3.6359999999999997,7.271999999999999,15.907999999999998,7256.091999999999
2024-06-03 00:00:00,ORD001271,601018,sell,2600,3.54,9204.0,5.0,4.602,9.204,18.806,9185.194
2024-06-03 00:00:00,ORD001272,601377,sell,1600,5.36,8576.0,5.0,4.288,8.576,17.864,8558.136
2024-06-03 00:00:00,ORD001273,000792,sell,500,17.27,8635.0,5.0,4.3175,8.635,17.9525,8617.0475
2024-06-03 00:00:00,ORD001274,002602,sell,1900,4.0,7600.0,5.0,3.8000000000000003,7.6000000000000005,16.400000000000002,7583.599999999999
2024-06-03 00:00:00,ORD001275,601006,sell,1200,7.07,8484.0,5.0,4.242,8.484,17.726,8466.274
2024-06-03 00:00:00,ORD001276,603019,buy,300,40.88,12264.0,5.0,0.0,12.264000000000001,17.264000000000003,-12246.736
2024-06-03 00:00:00,ORD001277,603392,buy,200,67.4,13480.000000000002,5.0,0.0,13.480000000000002,18.480000000000004,-13461.520000000002
2024-06-03 00:00:00,ORD001278,688012,buy,100,132.34,13234.0,5.0,0.0,13.234,18.234,-13215.766
2024-06-03 00:00:00,ORD001279,000301,buy,1500,8.9,13350.0,5.0,0.0,13.35,18.35,-13331.65
2024-06-03 00:00:00,ORD001280,688396,buy,400,37.93,15172.0,5.0,0.0,15.172,20.172,-15151.828
2024-06-03 00:00:00,ORD001281,600028,buy,2300,6.4,14720.0,5.0,0.0,14.72,19.72,-14700.28
2024-06-03 00:00:00,ORD001282,600741,buy,800,16.05,12840.0,5.0,0.0,12.84,17.84,-12822.16
2024-06-03 00:00:00,ORD001283,002236,buy,800,16.4,13119.999999999998,5.0,0.0,13.12,18.119999999999997,-13101.879999999997
2024-06-03 00:00:00,ORD001284,002230,buy,300,42.21,12663.0,5.0,0.0,12.663,17.663,-12645.337
2024-06-03 00:00:00,ORD001285,600900,buy,500,26.89,13445.0,5.0,0.0,13.445,18.445,-13426.555
2024-06-03 00:00:00,ORD001286,603259,buy,300,42.17,12651.0,5.0,0.0,12.651,17.651,-12633.349
2024-06-03 00:00:00,ORD001287,000938,buy,700,22.04,15428.0,5.0,0.0,15.428,20.428,-15407.572
2024-06-03 00:00:00,ORD001288,600406,buy,600,22.4,13440.0,5.0,0.0,13.44,18.439999999999998,-13421.56
2024-06-03 00:00:00,ORD001289,603260,buy,300,52.0,15600.0,5.0,0.0,15.6,20.6,-15579.4
2024-06-03 00:00:00,ORD001290,300124,buy,200,56.79,11358.0,5.0,0.0,11.358,16.358,-11341.642
2024-06-03 00:00:00,ORD001291,300014,buy,300,39.68,11904.0,5.0,0.0,11.904,16.904,-11887.096
2024-06-03 00:00:00,ORD001292,688303,buy,600,26.77,16062.0,5.0,0.0,16.062,21.062,-16040.938
2024-06-03 00:00:00,ORD001293,601225,buy,600,26.0,15600.0,5.0,0.0,15.6,20.6,-15579.4
2024-06-03 00:00:00,ORD001294,601318,buy,300,42.99,12897.0,5.0,0.0,12.897,17.897,-12879.103
2024-06-03 00:00:00,ORD001295,600584,buy,500,25.98,12990.0,5.0,0.0,12.99,17.990000000000002,-12972.01
2024-06-03 00:00:00,ORD001296,600887,buy,500,28.32,14160.0,5.0,0.0,14.16,19.16,-14140.84
2024-06-03 00:00:00,ORD001297,001979,buy,1700,9.66,16422.0,5.0,0.0,16.422,21.422,-16400.578
2024-06-03 00:00:00,ORD001298,300316,buy,400,32.0,12800.0,5.0,0.0,12.8,17.8,-12782.2
2024-06-03 00:00:00,ORD001299,601166,buy,800,17.89,14312.0,5.0,0.0,14.312000000000001,19.312,-14292.688
2024-06-03 00:00:00,ORD001300,300033,buy,100,115.99,11599.0,5.0,0.0,11.599,16.599,-11582.401
2024-06-03 00:00:00,ORD001301,601088,buy,300,42.7,12810.0,5.0,0.0,12.81,17.810000000000002,-12792.19
2024-06-03 00:00:00,ORD001302,601100,buy,200,49.31,9862.0,5.0,0.0,9.862,14.862,-9847.138
2024-06-03 00:00:00,ORD001303,301236,buy,300,40.03,12009.0,5.0,0.0,12.009,17.009,-11991.991
2024-06-03 00:00:00,ORD001304,601898,buy,1200,13.32,15984.0,5.0,0.0,15.984,20.984,-15963.016
2024-06-03 00:00:00,ORD001305,600803,buy,800,18.15,14519.999999999998,5.0,0.0,14.519999999999998,19.519999999999996,-14500.479999999998
2024-07-01 00:00:00,ORD001306,600104,sell,800,13.83,11064.0,5.0,5.532,11.064,21.596,11042.404
2024-07-01 00:00:00,ORD001307,603260,sell,100,46.74,4674.0,5.0,2.337,4.674,12.011,4661.989
2024-07-01 00:00:00,ORD001308,600309,sell,100,80.6,8059.999999999999,5.0,4.029999999999999,8.059999999999999,17.089999999999996,8042.909999999999
2024-07-01 00:00:00,ORD001309,001979,sell,900,8.76,7884.0,5.0,3.942,7.884,16.826,7867.174
2024-07-01 00:00:00,ORD001310,002384,sell,900,20.62,18558.0,5.567399999999999,9.279,18.558,33.404399999999995,18524.5956
2024-07-01 00:00:00,ORD001311,601398,sell,2500,5.69,14225.000000000002,5.0,7.112500000000001,14.225000000000001,26.337500000000002,14198.662500000002
2024-07-01 00:00:00,ORD001312,600000,sell,1800,8.22,14796.000000000002,5.0,7.3980000000000015,14.796000000000003,27.194000000000003,14768.806000000002
2024-07-01 00:00:00,ORD001313,600015,sell,2000,6.41,12820.0,5.0,6.41,12.82,24.23,12795.77
2024-07-01 00:00:00,ORD001314,600919,sell,1700,7.43,12631.0,5.0,6.3155,12.631,23.9465,12607.0535
2024-07-01 00:00:00,ORD001315,600011,sell,1400,9.63,13482.000000000002,5.0,6.741000000000001,13.482000000000003,25.223000000000006,13456.777000000002
2024-07-01 00:00:00,ORD001316,600016,sell,3300,3.78,12474.0,5.0,6.237,12.474,23.711,12450.289
2024-07-01 00:00:00,ORD001317,601668,sell,2500,5.31,13274.999999999998,5.0,6.637499999999999,13.274999999999999,24.912499999999998,13250.087499999998
2024-07-01 00:00:00,ORD001318,600886,sell,800,18.25,14600.0,5.0,7.3,14.6,26.9,14573.1
2024-07-01 00:00:00,ORD001319,600926,sell,1200,13.14,15768.0,5.0,7.884,15.768,28.652,15739.348
2024-07-01 00:00:00,ORD001320,601328,sell,2100,7.48,15708.0,5.0,7.854,15.708,28.561999999999998,15679.438
2024-07-01 00:00:00,ORD001321,600900,sell,500,28.92,14460.0,5.0,7.23,14.46,26.69,14433.310000000001
2024-07-01 00:00:00,ORD001322,601319,sell,2500,5.13,12825.0,5.0,6.4125000000000005,12.825000000000001,24.237500000000004,12800.762499999999
2024-07-01 00:00:00,ORD001323,600674,sell,800,18.74,14991.999999999998,5.0,7.4959999999999996,14.991999999999999,27.488,14964.511999999999
2024-07-01 00:00:00,ORD001324,601816,sell,2600,5.36,13936.0,5.0,6.968,13.936,25.904,13910.096
2024-07-01 00:00:00,ORD001325,600018,sell,2500,5.79,14475.0,5.0,7.2375,14.475,26.7125,14448.2875
2024-07-01 00:00:00,ORD001326,601658,sell,2800,5.07,14196.0,5.0,7.098,14.196,26.293999999999997,14169.706
2024-07-01 00:00:00,ORD001327,601166,sell,800,17.63,14104.0,5.0,7.0520000000000005,14.104000000000001,26.156,14077.844000000001
2024-07-01 00:00:00,ORD001328,300033,sell,100,102.5,10250.0,5.0,5.125,10.25,20.375,10229.625
2024-07-01 00:00:00,ORD001329,601088,sell,300,44.41,13322.999999999998,5.0,6.661499999999999,13.322999999999999,24.984499999999997,13298.015499999998
2024-07-01 00:00:00,ORD001330,002304,sell,100,80.73,8073.0,5.0,4.0365,8.073,17.1095,8055.8904999999995
2024-07-01 00:00:00,ORD001331,600039,buy,1200,7.87,9444.0,5.0,0.0,9.444,14.444,-9429.556
2024-07-01 00:00:00,ORD001332,002938,buy,300,39.86,11958.0,5.0,0.0,11.958,16.958,-11941.042
2024-07-01 00:00:00,ORD001333,000895,buy,300,23.76,7128.000000000001,5.0,0.0,7.128000000000001,12.128,-7115.872000000001
2024-07-01 00:00:00,ORD001334,600415,buy,1200,7.41,8892.0,5.0,0.0,8.892,13.892,-8878.108
2024-07-01 00:00:00,ORD001335,300803,buy,200,36.31,7262.0,5.0,0.0,7.2620000000000005,12.262,-7249.738
2024-07-01 00:00:00,ORD001336,603369,buy,100,46.2,4620.0,5.0,0.0,4.62,9.620000000000001,-4610.38
2024-07-01 00:00:00,ORD001337,600028,buy,1500,6.3,9450.0,5.0,0.0,9.450000000000001,14.450000000000001,-9435.55
2024-07-01 00:00:00,ORD001338,002466,buy,200,29.4,5880.0,5.0,0.0,5.88,10.879999999999999,-5869.12
2024-07-01 00:00:00,ORD001339,601727,buy,2300,3.7,8510.0,5.0,0.0,8.51,13.51,-8496.49
2024-07-01 00:00:00,ORD001340,688521,buy,300,26.56,7968.0,5.0,0.0,7.968,12.968,-7955.032
2024-07-01 00:00:00,ORD001341,600025,buy,900,10.81,9729.0,5.0,0.0,9.729000000000001,14.729000000000001,-9714.271
2024-07-01 00:00:00,ORD001342,001965,buy,800,11.85,9480.0,5.0,0.0,9.48,14.48,-9465.52
2024-07-01 00:00:00,ORD001343,600905,buy,2000,4.36,8720.0,5.0,0.0,8.72,13.72,-8706.28
2024-07-01 00:00:00,ORD001344,002600,buy,1900,7.0,13300.0,5.0,0.0,13.3,18.3,-13281.7
2024-07-01 00:00:00,ORD001345,003816,buy,2300,4.64,10672.0,5.0,0.0,10.672,15.672,-10656.328
2024-07-01 00:00:00,ORD001346,688041,buy,100,70.2,7020.0,5.0,0.0,7.0200000000000005,12.02,-7007.98
2024-07-01 00:00:00,ORD001347,300661,buy,100,82.7,8270.0,5.0,0.0,8.27,13.27,-8256.73
2024-07-01 00:00:00,ORD001348,603986,buy,100,95.06,9506.0,5.0,0.0,9.506,14.506,-9491.494
2024-07-01 00:00:00,ORD001349,301308,buy,100,94.1,9410.0,5.0,0.0,9.41,14.41,-9395.59
2024-07-01 00:00:00,ORD001350,300413,buy,400,20.79,8316.0,5.0,0.0,8.316,13.316,-8302.684
2024-07-01 00:00:00,ORD001351,600276,buy,200,38.45,7690.000000000001,5.0,0.0,7.690000000000001,12.690000000000001,-7677.310000000001
2024-07-01 00:00:00,ORD001352,601006,buy,1300,7.16,9308.0,5.0,0.0,9.308,14.308,-9293.692
2024-07-01 00:00:00,ORD001353,600803,buy,500,20.8,10400.0,5.0,0.0,10.4,15.4,-10384.6
2024-07-01 00:00:00,ORD001354,601988,buy,2100,4.62,9702.0,5.0,0.0,9.702,14.702,-9687.298
2024-07-01 00:00:00,ORD001355,601728,buy,1600,6.13,9808.0,5.0,0.0,9.808,14.808,-9793.192
2024-08-01 00:00:00,ORD001356,601727,sell,3100,3.87,11997.0,5.0,5.9985,11.997,22.9955,11974.004500000001
2024-08-01 00:00:00,ORD001357,603260,sell,300,47.87,14361.0,5.0,7.1805,14.361,26.5415,14334.458499999999
2024-08-01 00:00:00,ORD001358,001979,sell,1700,8.75,14875.0,5.0,7.4375,14.875,27.3125,14847.6875
2024-08-01 00:00:00,ORD001359,600900,sell,500,29.65,14825.0,5.0,7.4125000000000005,14.825000000000001,27.237500000000004,14797.762499999999
2024-08-01 00:00:00,ORD001360,603986,sell,100,86.3,8630.0,5.0,4.315,8.63,17.945,8612.055
2024-08-01 00:00:00,ORD001361,601166,sell,800,16.72,13376.0,5.0,6.688,13.376,25.064,13350.936
2024-08-01 00:00:00,ORD001362,300033,sell,100,105.0,10500.0,5.0,5.25,10.5,20.75,10479.25
2024-08-01 00:00:00,ORD001363,601088,sell,300,39.99,11997.0,5.0,5.9985,11.997,22.9955,11974.004500000001
2024-08-01 00:00:00,ORD001364,688271,sell,100,116.5,11650.0,5.0,5.825,11.65,22.475,11627.525
2024-08-01 00:00:00,ORD001365,601988,sell,3000,4.66,13980.0,5.0,6.99,13.98,25.97,13954.03
2024-08-01 00:00:00,ORD001366,688506,sell,100,172.51,17251.0,5.175299999999999,8.6255,17.251,31.0518,17219.948200000003
2024-08-01 00:00:00,ORD001367,603019,sell,300,44.24,13272.0,5.0,6.636,13.272,24.908,13247.091999999999
2024-08-01 00:00:00,ORD001368,603392,sell,200,68.6,13719.999999999998,5.0,6.859999999999999,13.719999999999999,25.58,13694.419999999998
2024-08-01 00:00:00,ORD001369,688012,sell,100,158.46,15846.0,5.0,7.923,15.846,28.769,15817.231
2024-08-01 00:00:00,ORD001370,000301,sell,1500,7.95,11925.0,5.0,5.9625,11.925,22.887500000000003,11902.112500000001
2024-08-01 00:00:00,ORD001371,688396,sell,400,39.71,15884.0,5.0,7.942,15.884,28.826,15855.174
2024-08-01 00:00:00,ORD001372,002236,sell,800,15.0,12000.0,5.0,6.0,12.0,23.0,11977.0
2024-08-01 00:00:00,ORD001373,002230,sell,300,39.73,11918.999999999998,5.0,5.959499999999999,11.918999999999999,22.878499999999995,11896.121499999997
2024-08-01 00:00:00,ORD001374,603259,sell,300,42.58,12774.0,5.0,6.3870000000000005,12.774000000000001,24.161,12749.839
2024-08-01 00:00:00,ORD001375,000938,sell,700,23.5,16450.0,5.0,8.225,16.45,29.674999999999997,16420.325
2024-08-01 00:00:00,ORD001376,600406,sell,600,24.0,14400.0,5.0,7.2,14.4,26.6,14373.4
2024-08-01 00:00:00,ORD001377,300124,sell,200,46.4,9280.0,5.0,4.64,9.28,18.92,9261.08
2024-08-01 00:00:00,ORD001378,300014,sell,300,38.34,11502.000000000002,5.0,5.751000000000001,11.502000000000002,22.253000000000004,11479.747000000001
2024-08-01 00:00:00,ORD001379,688303,sell,600,20.39,12234.0,5.0,6.117,12.234,23.351,12210.649
2024-08-01 00:00:00,ORD001380,601225,sell,600,23.57,14142.0,5.0,7.071,14.142,26.213,14115.787
2024-08-01 00:00:00,ORD001381,601318,sell,300,42.42,12726.0,5.0,6.363,12.726,24.089,12701.911
2024-08-01 00:00:00,ORD001382,600584,sell,500,33.8,16900.0,5.069999999999999,8.45,16.9,30.419999999999998,16869.579999999998
2024-08-01 00:00:00,ORD001383,600887,sell,500,25.0,12500.0,5.0,6.25,12.5,23.75,12476.25
2024-08-01 00:00:00,ORD001384,300316,sell,400,29.72,11888.0,5.0,5.944,11.888,22.832,11865.168
2024-08-01 00:00:00,ORD001385,601100,sell,200,45.87,9174.0,5.0,4.587,9.174,18.761,9155.239
2024-08-01 00:00:00,ORD001386,301236,sell,300,34.3,10290.0,5.0,5.1450000000000005,10.290000000000001,20.435000000000002,10269.564999999999
2024-08-01 00:00:00,ORD001387,601898,sell,1200,11.96,14352.000000000002,5.0,7.176000000000001,14.352000000000002,26.528000000000006,14325.472000000002
2024-08-01 00:00:00,ORD001388,600803,sell,800,18.74,14991.999999999998,5.0,7.4959999999999996,14.991999999999999,27.488,14964.511999999999
2024-08-01 00:00:00,ORD001389,600118,buy,500,22.94,11470.0,5.0,0.0,11.47,16.47,-11453.53
2024-08-01 00:00:00,ORD001390,002460,buy,400,28.1,11240.0,5.0,0.0,11.24,16.240000000000002,-11223.76
2024-08-01 00:00:00,ORD001391,600104,buy,900,14.68,13212.0,5.0,0.0,13.212,18.212,-13193.788
2024-08-01 00:00:00,ORD001392,601825,buy,1900,6.67,12673.0,5.0,0.0,12.673,17.673000000000002,-12655.327
2024-08-01 00:00:00,ORD001393,603296,buy,200,50.56,10112.0,5.0,0.0,10.112,15.112,-10096.888
2024-08-01 00:00:00,ORD001394,601689,buy,200,36.64,7328.0,5.0,0.0,7.328,12.328,-7315.672
2024-08-01 00:00:00,ORD001395,300418,buy,400,30.18,12072.0,5.0,0.0,12.072000000000001,17.072000000000003,-12054.928
2024-08-01 00:00:00,ORD001396,600015,buy,2000,6.29,12580.0,5.0,0.0,12.58,17.58,-12562.42
2024-08-01 00:00:00,ORD001397,600028,buy,2000,6.48,12960.0,5.0,0.0,12.96,17.96,-12942.04
2024-08-01 00:00:00,ORD001398,002466,buy,400,29.25,11700.0,5.0,0.0,11.700000000000001,16.700000000000003,-11683.3
2024-08-01 00:00:00,ORD001399,600016,buy,3400,3.55,12070.0,5.0,0.0,12.07,17.07,-12052.93
2024-08-01 00:00:00,ORD001400,002050,buy,600,18.43,11058.0,5.0,0.0,11.058,16.058,-11041.942
2024-08-01 00:00:00,ORD001401,688521,buy,400,33.59,13436.000000000002,5.0,0.0,13.436000000000002,18.436,-13417.564000000002
2024-08-01 00:00:00,ORD001402,002837,buy,600,23.95,14370.0,5.0,0.0,14.370000000000001,19.37,-14350.63
2024-08-01 00:00:00,ORD001403,600741,buy,700,15.58,10906.0,5.0,0.0,10.906,15.906,-10890.094
2024-08-01 00:00:00,ORD001404,603799,buy,500,23.36,11680.0,5.0,0.0,11.68,16.68,-11663.32
2024-08-01 00:00:00,ORD001405,600958,buy,1700,8.46,14382.000000000002,5.0,0.0,14.382000000000001,19.382,-14362.618000000002
2024-08-01 00:00:00,ORD001406,601319,buy,2500,5.73,14325.000000000002,5.0,0.0,14.325000000000003,19.325000000000003,-14305.675000000001
2024-08-01 00:00:00,ORD001407,601018,buy,3800,3.54,13452.0,5.0,0.0,13.452,18.451999999999998,-13433.548
2024-08-01 00:00:00,ORD001408,600570,buy,700,18.24,12767.999999999998,5.0,0.0,12.767999999999999,17.768,-12750.231999999998
2024-08-01 00:00:00,ORD001409,688472,buy,1200,9.29,11147.999999999998,5.0,0.0,11.147999999999998,16.147999999999996,-11131.851999999999
2024-08-01 00:00:00,ORD001410,600050,buy,2700,4.68,12636.0,5.0,0.0,12.636000000000001,17.636000000000003,-12618.364
2024-08-01 00:00:00,ORD001411,300413,buy,600,20.6,12360.0,5.0,0.0,12.36,17.36,-12342.64
2024-08-01 00:00:00,ORD001412,002602,buy,3700,3.28,12136.0,5.0,0.0,12.136000000000001,17.136000000000003,-12118.864
2024-08-01 00:00:00,ORD001413,000776,buy,1000,12.5,12500.0,5.0,0.0,12.5,17.5,-12482.5
2024-08-01 00:00:00,ORD001414,000001,buy,1200,10.25,12300.0,5.0,0.0,12.3,17.3,-12282.7
2024-08-01 00:00:00,ORD001415,600845,buy,400,32.12,12847.999999999998,5.0,0.0,12.847999999999999,17.848,-12830.151999999998
2024-09-02 00:00:00,ORD001416,603986,sell,100,72.38,7238.0,5.0,3.619,7.238,15.857,7222.143
2024-09-02 00:00:00,ORD001417,601988,sell,2100,4.77,10017.0,5.0,5.0085,10.017,20.0255,9996.9745
2024-09-02 00:00:00,ORD001418,600028,sell,3800,6.75,25650.0,7.694999999999999,12.825000000000001,25.650000000000002,46.17,25603.829999999998
2024-09-02 00:00:00,ORD001419,600803,sell,500,17.75,8875.0,5.0,4.4375,8.875,18.3125,8856.6875
2024-09-02 00:00:00,ORD001420,600039,sell,1200,5.68,6816.0,5.0,3.408,6.816,15.224,6800.776
2024-09-02 00:00:00,ORD001421,002938,sell,300,35.65,10695.0,5.0,5.3475,10.695,21.0425,10673.9575
2024-09-02 00:00:00,ORD001422,000895,sell,300,23.2,6960.0,5.0,3.48,6.96,15.440000000000001,6944.56
2024-09-02 00:00:00,ORD001423,600415,sell,1200,8.19,9828.0,5.0,4.914,9.828,19.741999999999997,9808.258
2024-09-02 00:00:00,ORD001424,300803,sell,200,35.0,7000.0,5.0,3.5,7.0,15.5,6984.5
2024-09-02 00:00:00,ORD001425,603369,sell,100,38.91,3890.9999999999995,5.0,1.9454999999999998,3.8909999999999996,10.8365,3880.1634999999997
2024-09-02 00:00:00,ORD001426,002466,sell,200,26.1,5220.0,5.0,2.61,5.22,12.829999999999998,5207.17
2024-09-02 00:00:00,ORD001427,688521,sell,300,28.1,8430.0,5.0,4.215,8.43,17.645,8412.355
2024-09-02 00:00:00,ORD001428,600025,sell,900,10.89,9801.0,5.0,4.9005,9.801,19.701500000000003,9781.2985
2024-09-02 00:00:00,ORD001429,001965,sell,800,12.02,9616.0,5.0,4.808,9.616,19.424,9596.576
2024-09-02 00:00:00,ORD001430,600905,sell,2000,4.5,9000.0,5.0,4.5,9.0,18.5,8981.5
2024-09-02 00:00:00,ORD001431,002600,sell,1900,8.59,16321.0,5.0,8.1605,16.321,29.481500000000004,16291.5185
2024-09-02 00:00:00,ORD001432,003816,sell,2300,4.75,10925.0,5.0,5.4625,10.925,21.387500000000003,10903.612500000001
2024-09-02 00:00:00,ORD001433,688041,sell,100,78.91,7891.0,5.0,3.9455,7.891,16.8365,7874.163500000001
2024-09-02 00:00:00,ORD001434,300661,sell,100,72.63,7263.0,5.0,3.6315,7.263,15.894499999999999,7247.1055
2024-09-02 00:00:00,ORD001435,301308,sell,100,73.0,7300.0,5.0,3.65,7.3,15.95,7284.05
2024-09-02 00:00:00,ORD001436,300413,sell,400,19.28,7712.0,5.0,3.856,7.712,16.567999999999998,7695.432
2024-09-02 00:00:00,ORD001437,600276,sell,200,44.01,8802.0,5.0,4.401,8.802,18.203,8783.797
2024-09-02 00:00:00,ORD001438,601006,sell,1300,6.1,7929.999999999999,5.0,3.9649999999999994,7.929999999999999,16.895,7913.104999999999
2024-09-02 00:00:00,ORD001439,601728,sell,1600,6.07,9712.0,5.0,4.856,9.712,19.567999999999998,9692.432
2024-09-02 00:00:00,ORD001440,600061,buy,2700,5.76,15552.0,5.0,0.0,15.552,20.552,-15531.448
2024-09-02 00:00:00,ORD001441,301165,buy,500,31.77,15885.0,5.0,0.0,15.885,20.884999999999998,-15864.115
2024-09-02 00:00:00,ORD001443,600918,buy,2700,5.83,15741.0,5.0,0.0,15.741,20.741,-15720.259
2024-09-02 00:00:00,ORD001444,600015,buy,2500,6.13,15325.0,5.0,0.0,15.325000000000001,20.325000000000003,-15304.675
2024-09-02 00:00:00,ORD001445,600036,buy,400,32.0,12800.0,5.0,0.0,12.8,17.8,-12782.2
2024-09-02 00:00:00,ORD001446,601727,buy,4200,3.68,15456.0,5.0,0.0,15.456,20.456,-15435.544
2024-09-02 00:00:00,ORD001447,002050,buy,800,17.37,13896.0,5.0,0.0,13.896,18.896,-13877.104
2024-09-02 00:00:00,ORD001448,000617,buy,2900,5.18,15022.0,5.0,0.0,15.022,20.022,-15001.978
2024-09-02 00:00:00,ORD001449,600741,buy,1000,14.73,14730.0,5.0,0.0,14.73,19.73,-14710.27
2024-09-02 00:00:00,ORD001450,002920,buy,100,90.01,9001.0,5.0,0.0,9.001,14.001,-8986.999
2024-09-02 00:00:00,ORD001451,600066,buy,700,21.33,14930.999999999998,5.0,0.0,14.931,19.930999999999997,-14911.068999999998
2024-09-02 00:00:00,ORD001452,601800,buy,1900,8.3,15770.000000000002,5.0,0.0,15.770000000000001,20.770000000000003,-15749.230000000001
2024-09-02 00:00:00,ORD001453,300308,buy,100,108.55,10855.0,5.0,0.0,10.855,15.855,-10839.145
2024-09-02 00:00:00,ORD001454,601127,buy,200,76.46,15291.999999999998,5.0,0.0,15.291999999999998,20.291999999999998,-15271.707999999999
2024-09-02 00:00:00,ORD001455,000166,buy,3500,4.5,15750.0,5.0,0.0,15.75,20.75,-15729.25
2024-09-02 00:00:00,ORD001456,300124,buy,300,43.2,12960.0,5.0,0.0,12.96,17.96,-12942.04
2024-09-02 00:00:00,ORD001457,000408,buy,700,24.0,16800.0,5.039999999999999,0.0,16.8,21.84,-16778.16
2024-09-02 00:00:00,ORD001458,601225,buy,600,24.6,14760.0,5.0,0.0,14.76,19.759999999999998,-14740.24
2024-09-02 00:00:00,ORD001459,601377,buy,2900,5.16,14964.0,5.0,0.0,14.964,19.964,-14944.036
2024-09-02 00:00:00,ORD001460,600309,buy,200,72.8,14560.0,5.0,0.0,14.56,19.560000000000002,-14540.44
2024-09-02 00:00:00,ORD001461,601238,buy,1900,7.38,14022.0,5.0,0.0,14.022,19.022,-14002.978
2024-09-02 00:00:00,ORD001462,000776,buy,1300,12.22,15886.0,5.0,0.0,15.886000000000001,20.886000000000003,-15865.114
2024-09-02 00:00:00,ORD001463,601166,buy,900,16.53,14877.000000000002,5.0,0.0,14.877000000000002,19.877000000000002,-14857.123000000001
2024-09-02 00:00:00,ORD001464,600010,buy,11200,1.44,16128.0,5.0,0.0,16.128,21.128,-16106.872
2024-09-02 00:00:00,ORD001465,601857,buy,1800,8.85,15930.0,5.0,0.0,15.93,20.93,-15909.07
2024-09-02 00:00:00,ORD001466,601088,buy,400,40.51,16204.0,5.0,0.0,16.204,21.204,-16182.796
2024-09-02 00:00:00,ORD001467,601898,buy,1300,13.26,17238.0,5.171399999999999,0.0,17.238,22.409399999999998,-17215.5906
2024-10-08 00:00:00,ORD001468,601727,sell,2300,4.97,11431.0,5.0,5.7155000000000005,11.431000000000001,22.146500000000003,11408.8535
2024-10-08 00:00:00,ORD001469,600028,sell,2000,7.6,15200.0,5.0,7.6000000000000005,15.200000000000001,27.800000000000004,15172.199999999999
2024-10-08 00:00:00,ORD001470,600741,sell,1500,19.7,29550.0,8.864999999999998,14.775,29.55,53.19,29496.809999999998
2024-10-08 00:00:00,ORD001471,300413,sell,600,31.56,18936.0,5.6808,9.468,18.936,34.0848,18901.9152
2024-10-08 00:00:00,ORD001472,600118,sell,500,27.61,13805.0,5.0,6.9025,13.805,25.7075,13779.2925
2024-10-08 00:00:00,ORD001473,002460,sell,400,37.92,15168.0,5.0,7.5840000000000005,15.168000000000001,27.752000000000002,15140.248
2024-10-08 00:00:00,ORD001474,600104,sell,900,16.0,14400.0,5.0,7.2,14.4,26.6,14373.4
2024-10-08 00:00:00,ORD001475,601825,sell,1900,8.15,15485.0,5.0,7.742500000000001,15.485000000000001,28.2275,15456.7725
2024-10-08 00:00:00,ORD001476,603296,sell,200,61.31,12262.0,5.0,6.131,12.262,23.393,12238.607
2024-10-08 00:00:00,ORD001477,300418,sell,400,44.73,17892.0,5.3675999999999995,8.946,17.892,32.2056,17859.7944
2024-10-08 00:00:00,ORD001478,600015,sell,2000,8.15,16300.0,5.0,8.15,16.3,29.450000000000003,16270.550000000001
2024-10-08 00:00:00,ORD001479,600016,sell,3400,4.41,14994.0,5.0,7.497,14.994,27.491,14966.509
2024-10-08 00:00:00,ORD001480,002050,sell,600,26.21,15726.0,5.0,7.863,15.726,28.589,15697.411
2024-10-08 00:00:00,ORD001481,002837,sell,600,28.62,17172.0,5.151599999999999,8.586,17.172,30.9096,17141.0904
2024-10-08 00:00:00,ORD001482,603799,sell,500,32.46,16230.0,5.0,8.115,16.23,29.345,16200.655
2024-10-08 00:00:00,ORD001483,600958,sell,1700,12.22,20774.0,6.2322,10.387,20.774,37.3932,20736.6068
2024-10-08 00:00:00,ORD001484,601319,sell,2500,8.18,20450.0,6.135,10.225,20.45,36.81,20413.190000000002
2024-10-08 00:00:00,ORD001485,601018,sell,3800,4.2,15960.0,5.0,7.98,15.96,28.94,15931.060000000001
2024-10-08 00:00:00,ORD001486,688472,sell,1200,16.68,20016.0,6.0047999999999995,10.008000000000001,20.016000000000002,36.028800000000004,19979.9712
2024-10-08 00:00:00,ORD001487,600050,sell,2700,5.88,15876.0,5.0,7.938,15.876,28.814,15847.186
2024-10-08 00:00:00,ORD001488,002602,sell,3700,4.59,16983.0,5.0949,8.4915,16.983,30.5694,16952.4306
2024-10-08 00:00:00,ORD001489,000776,sell,1000,18.37,18370.0,5.510999999999999,9.185,18.37,33.066,18336.934
2024-10-08 00:00:00,ORD001490,000001,sell,1200,13.43,16116.0,5.0,8.058,16.116,29.174,16086.826
2024-10-08 00:00:00,ORD001491,600845,sell,400,36.29,14516.0,5.0,7.258,14.516,26.774,14489.226
2024-10-08 00:00:00,ORD001492,600522,buy,800,17.04,13632.0,5.0,0.0,13.632,18.631999999999998,-13613.368
2024-10-08 00:00:00,ORD001494,000625,buy,800,16.26,13008.000000000002,5.0,0.0,13.008000000000003,18.008000000000003,-12989.992000000002
2024-10-08 00:00:00,ORD001496,601689,buy,300,50.89,15267.0,5.0,0.0,15.267,20.267,-15246.733
2024-10-08 00:00:00,ORD001500,601360,buy,1400,9.69,13566.0,5.0,0.0,13.566,18.566000000000003,-13547.434
2024-10-08 00:00:00,ORD001505,601111,buy,1400,8.6,12040.0,5.0,0.0,12.040000000000001,17.04,-12022.96
2024-10-08 00:00:00,ORD001510,600674,buy,500,20.2,10100.0,5.0,0.0,10.1,15.1,-10084.9
2024-10-08 00:00:00,ORD001511,600989,buy,600,19.0,11400.0,5.0,0.0,11.4,16.4,-11383.6
2024-10-08 00:00:00,ORD001512,600089,buy,800,16.08,12863.999999999998,5.0,0.0,12.863999999999999,17.863999999999997,-12846.135999999999
2024-10-08 00:00:00,ORD001517,002304,buy,100,109.0,10900.0,5.0,0.0,10.9,15.9,-10884.1
2024-11-01 00:00:00,ORD001442,002736,buy,1800,11.58,20844.0,6.2532,0.0,20.844,27.0972,-20816.9028
2024-11-01 00:00:00,ORD001493,601012,buy,700,19.63,13741.0,5.0,0.0,13.741,18.741,-13722.259
2024-11-01 00:00:00,ORD001495,002709,buy,700,18.8,13160.0,5.0,0.0,13.16,18.16,-13141.84
2024-11-01 00:00:00,ORD001497,300122,buy,400,28.17,11268.0,5.0,0.0,11.268,16.268,-11251.732
2024-11-01 00:00:00,ORD001498,601901,buy,1500,8.65,12975.0,5.0,0.0,12.975,17.975,-12957.025
2024-11-01 00:00:00,ORD001499,000063,buy,400,30.07,12028.0,5.0,0.0,12.028,17.028,-12010.972
2024-11-01 00:00:00,ORD001501,688396,buy,200,50.66,10132.0,5.0,0.0,10.132,15.132,-10116.868
2024-11-01 00:00:00,ORD001502,002466,buy,300,35.63,10689.0,5.0,0.0,10.689,15.689,-10673.311
2024-11-01 00:00:00,ORD001503,688521,buy,300,41.27,12381.000000000002,5.0,0.0,12.381000000000002,17.381,-12363.619000000002
2024-11-01 00:00:00,ORD001504,000617,buy,2000,8.58,17160.0,5.148,0.0,17.16,22.308,-17137.692
2024-11-01 00:00:00,ORD001506,002230,buy,300,45.96,13788.0,5.0,0.0,13.788,18.788,-13769.212
2024-11-01 00:00:00,ORD001507,000938,buy,500,25.7,12850.0,5.0,0.0,12.85,17.85,-12832.15
2024-11-01 00:00:00,ORD001508,300661,buy,100,89.0,8900.0,5.0,0.0,8.9,13.9,-8886.1
2024-11-01 00:00:00,ORD001509,600570,buy,600,26.54,15924.0,5.0,0.0,15.924,20.924,-15903.076
2024-11-01 00:00:00,ORD001513,300316,buy,400,35.6,14240.0,5.0,0.0,14.24,19.240000000000002,-14220.76
2024-11-01 00:00:00,ORD001514,601059,buy,800,15.31,12248.0,5.0,0.0,12.248000000000001,17.248,-12230.752
2024-11-01 00:00:00,ORD001515,002049,buy,200,66.28,13256.0,5.0,0.0,13.256,18.256,-13237.744
2024-11-01 00:00:00,ORD001516,688303,buy,500,32.02,16010.000000000002,5.0,0.0,16.01,21.01,-15988.990000000002
2024-11-01 00:00:00,ORD001519,600741,sell,1000,15.01,15010.0,5.0,7.505,15.01,27.515,14982.485
2024-11-01 00:00:00,ORD001520,002466,sell,400,35.63,14252.000000000002,5.0,7.126000000000001,14.252000000000002,26.378000000000004,14225.622000000001
2024-11-01 00:00:00,ORD001521,688521,sell,400,41.27,16508.0,5.0,8.254,16.508,29.762,16478.237999999998
2024-11-01 00:00:00,ORD001522,601689,sell,200,43.12,8624.0,5.0,4.312,8.624,17.936,8606.064
2024-11-01 00:00:00,ORD001523,600015,sell,2500,7.1,17750.0,5.324999999999999,8.875,17.75,31.95,17718.05
2024-11-01 00:00:00,ORD001524,002050,sell,800,21.73,17384.0,5.215199999999999,8.692,17.384,31.2912,17352.708800000004
2024-11-01 00:00:00,ORD001525,600570,sell,700,26.54,18578.0,5.5733999999999995,9.289,18.578,33.4404,18544.559599999997
2024-11-01 00:00:00,ORD001526,000776,sell,1300,16.19,21047.0,6.3141,10.5235,21.047,37.884600000000006,21009.115400000002
2024-11-01 00:00:00,ORD001527,600061,sell,2700,7.92,21384.0,6.4152,10.692,21.384,38.4912,21345.508800000003
2024-11-01 00:00:00,ORD001528,301165,sell,500,51.28,25640.0,7.691999999999999,12.82,25.64,46.152,25593.848
2024-11-01 00:00:00,ORD001529,600918,sell,2700,6.8,18360.0,5.507999999999999,9.18,18.36,33.048,18326.951999999997
2024-11-01 00:00:00,ORD001530,600036,sell,400,37.44,14976.0,5.0,7.488,14.976,27.464,14948.536
2024-11-01 00:00:00,ORD001531,000617,sell,2900,8.58,24882.0,7.464599999999999,12.441,24.882,44.7876,24837.2124
2024-11-01 00:00:00,ORD001532,002920,sell,100,120.35,12035.0,5.0,6.0175,12.035,23.052500000000002,12011.9475
2024-11-01 00:00:00,ORD001533,600066,sell,700,24.09,16863.0,5.0588999999999995,8.4315,16.863,30.3534,16832.6466
2024-11-01 00:00:00,ORD001534,601800,sell,1900,10.26,19494.0,5.848199999999999,9.747,19.494,35.0892,19458.9108
2024-11-01 00:00:00,ORD001535,300308,sell,100,141.48,14147.999999999998,5.0,7.073999999999999,14.147999999999998,26.221999999999994,14121.777999999998
2024-11-01 00:00:00,ORD001536,601127,sell,200,114.38,22876.0,6.862799999999999,11.438,22.876,41.1768,22834.823200000003
2024-11-01 00:00:00,ORD001537,000166,sell,3500,5.34,18690.0,5.606999999999999,9.345,18.69,33.642,18656.358
2024-11-01 00:00:00,ORD001538,300124,sell,300,55.01,16503.0,5.0,8.2515,16.503,29.7545,16473.2455
2024-11-01 00:00:00,ORD001539,000408,sell,700,28.73,20111.0,6.0333,10.0555,20.111,36.199799999999996,20074.8002
2024-11-01 00:00:00,ORD001540,601225,sell,600,24.8,14880.0,5.0,7.44,14.88,27.32,14852.68
2024-11-01 00:00:00,ORD001541,601377,sell,2900,6.53,18937.0,5.6811,9.4685,18.937,34.086600000000004,18902.913399999998
2024-11-01 00:00:00,ORD001542,600309,sell,200,75.27,15054.0,5.0,7.527,15.054,27.581000000000003,15026.419
2024-11-01 00:00:00,ORD001543,601238,sell,1900,7.97,15143.0,5.0,7.5715,15.143,27.7145,15115.2855
2024-11-01 00:00:00,ORD001544,601166,sell,900,18.21,16389.0,5.0,8.1945,16.389,29.5835,16359.416500000001
2024-11-01 00:00:00,ORD001545,600010,sell,11200,1.72,19264.0,5.7791999999999994,9.632,19.264,34.6752,19229.3248
2024-11-01 00:00:00,ORD001546,601088,sell,400,40.03,16012.0,5.0,8.006,16.012,29.018,15982.982
2024-11-01 00:00:00,ORD001547,601898,sell,1300,12.94,16822.0,5.0466,8.411,16.822,30.2796,16791.7204
2024-11-01 00:00:00,ORD001548,600522,buy,1100,15.65,17215.0,5.164499999999999,0.0,17.215,22.3795,-17192.6205
2024-11-01 00:00:00,ORD001549,601398,buy,3000,6.04,18120.0,5.436,0.0,18.12,23.556,-18096.444
2024-11-01 00:00:00,ORD001550,600023,buy,2700,5.85,15794.999999999998,5.0,0.0,15.794999999999998,20.794999999999998,-15774.204999999998
2024-11-01 00:00:00,ORD001551,002001,buy,800,22.63,18104.0,5.4312,0.0,18.104,23.5352,-18080.4648
2024-11-01 00:00:00,ORD001552,601868,buy,7500,2.35,17625.0,5.2875,0.0,17.625,22.9125,-17602.0875
2024-11-01 00:00:00,ORD001553,600011,buy,2300,7.26,16698.0,5.009399999999999,0.0,16.698,21.7074,-16676.2926
2024-11-01 00:00:00,ORD001554,600515,buy,4700,3.52,16544.0,5.0,0.0,16.544,21.544,-16522.456
2024-11-01 00:00:00,ORD001555,600016,buy,4500,3.78,17010.0,5.103,0.0,17.01,22.113,-16987.887000000002
2024-11-01 00:00:00,ORD001556,600025,buy,1600,9.7,15519.999999999998,5.0,0.0,15.519999999999998,20.519999999999996,-15499.479999999998
2024-11-01 00:00:00,ORD001557,601169,buy,3200,5.65,18080.0,5.4239999999999995,0.0,18.080000000000002,23.504,-18056.496
2024-11-01 00:00:00,ORD001558,600886,buy,1000,15.19,15190.0,5.0,0.0,15.19,20.189999999999998,-15169.81
2024-11-01 00:00:00,ORD001559,601111,buy,2300,7.37,16951.0,5.085299999999999,0.0,16.951,22.0363,-16928.9637
2024-11-01 00:00:00,ORD001560,001965,buy,1400,11.65,16310.0,5.0,0.0,16.31,21.31,-16288.69
2024-11-01 00:00:00,ORD001561,601328,buy,2500,7.13,17825.0,5.347499999999999,0.0,17.825,23.1725,-17801.8275
2024-11-01 00:00:00,ORD001562,600900,buy,600,27.51,16506.0,5.0,0.0,16.506,21.506,-16484.494
2024-11-01 00:00:00,ORD001563,003816,buy,4000,4.02,16079.999999999998,5.0,0.0,16.08,21.08,-16058.919999999998
2024-11-01 00:00:00,ORD001564,600183,buy,800,20.38,16304.0,5.0,0.0,16.304000000000002,21.304000000000002,-16282.696
2024-11-01 00:00:00,ORD001565,601018,buy,4700,3.71,17437.0,5.2311,0.0,17.437,22.668100000000003,-17414.331899999997
2024-11-01 00:00:00,ORD001566,600674,buy,900,16.74,15065.999999999998,5.0,0.0,15.065999999999999,20.066,-15045.933999999997
2024-11-01 00:00:00,ORD001567,600372,buy,1400,12.71,17794.0,5.3382,0.0,17.794,23.1322,-17770.8678
2024-11-01 00:00:00,ORD001568,601816,buy,3000,5.41,16230.0,5.0,0.0,16.23,21.23,-16208.77
2024-11-01 00:00:00,ORD001569,600018,buy,2800,5.95,16660.0,5.0,0.0,16.66,21.66,-16638.34
2024-11-01 00:00:00,ORD001570,600029,buy,2700,6.14,16578.0,5.0,0.0,16.578,21.578,-16556.422
2024-11-01 00:00:00,ORD001571,600085,buy,400,39.21,15684.0,5.0,0.0,15.684000000000001,20.684,-15663.316
2024-11-01 00:00:00,ORD001572,000708,buy,1300,12.06,15678.0,5.0,0.0,15.678,20.678,-15657.322
2024-11-01 00:00:00,ORD001573,601658,buy,3400,5.21,17714.0,5.3142,0.0,17.714,23.0282,-17690.9718
2024-11-01 00:00:00,ORD001574,600115,buy,4400,3.83,16852.0,5.055599999999999,0.0,16.852,21.9076,-16830.0924
2024-11-01 00:00:00,ORD001575,601857,buy,2000,8.13,16260.000000000002,5.0,0.0,16.26,21.26,-16238.740000000002
2024-11-01 00:00:00,ORD001576,600845,buy,500,26.69,13345.0,5.0,0.0,13.345,18.345,-13326.655
2024-12-02 00:00:00,ORD001518,601727,sell,4200,8.42,35364.0,10.6092,17.682,35.364,63.655199999999994,35300.3448
2024-12-02 00:00:00,ORD001578,601689,sell,300,52.3,15690.0,5.0,7.845,15.69,28.534999999999997,15661.465
2024-12-02 00:00:00,ORD001579,601857,sell,1800,8.06,14508.0,5.0,7.2540000000000004,14.508000000000001,26.762,14481.238
2024-12-02 00:00:00,ORD001580,600522,sell,800,15.84,12672.0,5.0,6.336,12.672,24.008000000000003,12647.992
2024-12-02 00:00:00,ORD001581,000625,sell,800,13.95,11160.0,5.0,5.58,11.16,21.740000000000002,11138.26
2024-12-02 00:00:00,ORD001582,601360,sell,1400,12.93,18102.0,5.430599999999999,9.051,18.102,32.583600000000004,18069.416400000002
2024-12-02 00:00:00,ORD001583,601111,sell,1400,8.25,11550.0,5.0,5.775,11.55,22.325000000000003,11527.675000000001
2024-12-02 00:00:00,ORD001584,600674,sell,500,17.1,8550.0,5.0,4.275,8.55,17.825000000000003,8532.175000000001
2024-12-02 00:00:00,ORD001585,600989,sell,600,16.1,9660.0,5.0,4.83,9.66,19.490000000000002,9640.51
2024-12-02 00:00:00,ORD001586,600089,sell,800,13.39,10712.0,5.0,5.356,10.712,21.067999999999998,10690.932
2024-12-02 00:00:00,ORD001587,601888,buy,100,69.55,6955.0,5.0,0.0,6.955,11.955,-6943.045
2024-12-02 00:00:00,ORD001588,002463,buy,300,37.99,11397.0,5.0,0.0,11.397,16.397,-11380.603
2024-12-02 00:00:00,ORD001589,600000,buy,1200,9.45,11340.0,5.0,0.0,11.34,16.34,-11323.66
2024-12-02 00:00:00,ORD001590,000895,buy,500,24.51,12255.0,5.0,0.0,12.255,17.255000000000003,-12237.745
2024-12-02 00:00:00,ORD001591,000333,buy,100,70.15,7015.000000000001,5.0,0.0,7.0150000000000015,12.015,-7002.985000000001
2024-12-02 00:00:00,ORD001592,600015,buy,1800,7.59,13662.0,5.0,0.0,13.662,18.662,-13643.338
2024-12-02 00:00:00,ORD001593,601633,buy,400,26.28,10512.0,5.0,0.0,10.512,15.512,-10496.488
2024-12-02 00:00:00,ORD001594,002304,buy,100,85.21,8521.0,5.0,0.0,8.521,13.521,-8507.479
2024-12-02 00:00:00,ORD001595,603501,buy,100,98.79,9879.0,5.0,0.0,9.879,14.879,-9864.121
2024-12-02 00:00:00,ORD001596,601766,buy,1500,8.14,12210.0,5.0,0.0,12.21,17.21,-12192.79
2024-12-02 00:00:00,ORD001597,300476,buy,200,40.99,8198.0,5.0,0.0,8.198,13.198,-8184.802
2024-12-02 00:00:00,ORD001598,601877,buy,500,22.65,11325.0,5.0,0.0,11.325000000000001,16.325000000000003,-11308.675
2024-12-02 00:00:00,ORD001599,300832,buy,100,66.67,6667.0,5.0,0.0,6.667,11.667,-6655.333
2024-12-02 00:00:00,ORD001600,600406,buy,400,24.81,9924.0,5.0,0.0,9.924,14.924,-9909.076
2024-12-02 00:00:00,ORD001601,000651,buy,200,42.08,8416.0,5.0,0.0,8.416,13.416,-8402.584
2024-12-02 00:00:00,ORD001602,605117,buy,100,85.1,8510.0,5.0,0.0,8.51,13.51,-8496.49
2024-12-02 00:00:00,ORD001603,601698,buy,700,23.1,16170.000000000002,5.0,0.0,16.17,21.17,-16148.830000000002
2024-12-02 00:00:00,ORD001604,000408,buy,400,28.7,11480.0,5.0,0.0,11.48,16.48,-11463.52
2024-12-02 00:00:00,ORD001605,002493,buy,1300,9.5,12350.0,5.0,0.0,12.35,17.35,-12332.65
2024-12-02 00:00:00,ORD001606,601166,buy,700,18.05,12635.0,5.0,0.0,12.635,17.634999999999998,-12617.365
2025-01-02 00:00:00,ORD001607,002466,sell,300,33.01,9903.0,5.0,4.9515,9.903,19.8545,9883.1455
2025-01-02 00:00:00,ORD001608,688521,sell,300,52.43,15729.0,5.0,7.8645000000000005,15.729000000000001,28.5935,15700.406500000001
2025-01-02 00:00:00,ORD001609,600570,sell,600,27.68,16608.0,5.0,8.304,16.608,29.912,16578.088
2025-01-02 00:00:00,ORD001610,000617,sell,2000,6.89,13780.0,5.0,6.890000000000001,13.780000000000001,25.67,13754.33
2025-01-02 00:00:00,ORD001611,601857,sell,2000,8.91,17820.0,5.345999999999999,8.91,17.82,32.076,17787.924
2025-01-02 00:00:00,ORD001612,600522,sell,1100,14.3,15730.0,5.0,7.865,15.73,28.595,15701.405
2025-01-02 00:00:00,ORD001613,601111,sell,2300,7.9,18170.0,5.451,9.085,18.17,32.706,18137.294
2025-01-02 00:00:00,ORD001614,600674,sell,900,17.28,15552.000000000002,5.0,7.776000000000001,15.552000000000001,28.328000000000003,15523.672000000002
2025-01-02 00:00:00,ORD001615,002304,sell,100,83.08,8308.0,5.0,4.154,8.308,17.462,8290.537999999999
2025-01-02 00:00:00,ORD001616,002736,sell,1800,11.17,20106.0,6.0318,10.053,20.106,36.1908,20069.8092
2025-01-02 00:00:00,ORD001617,601012,sell,700,15.7,10990.0,5.0,5.495,10.99,21.485,10968.515
2025-01-02 00:00:00,ORD001618,002709,sell,700,19.72,13804.0,5.0,6.902,13.804,25.706000000000003,13778.294
2025-01-02 00:00:00,ORD001619,300122,sell,400,26.2,10480.0,5.0,5.24,10.48,20.72,10459.28
2025-01-02 00:00:00,ORD001620,601901,sell,1500,8.31,12465.0,5.0,6.2325,12.465,23.697499999999998,12441.3025
2025-01-02 00:00:00,ORD001621,000063,sell,400,40.39,16156.0,5.0,8.078,16.156,29.233999999999998,16126.766
2025-01-02 00:00:00,ORD001622,688396,sell,200,46.97,9394.0,5.0,4.697,9.394,19.091,9374.909
2025-01-02 00:00:00,ORD001623,002230,sell,300,48.02,14406.000000000002,5.0,7.203000000000001,14.406000000000002,26.609,14379.391000000001
2025-01-02 00:00:00,ORD001624,000938,sell,500,27.5,13750.0,5.0,6.875,13.75,25.625,13724.375
2025-01-02 00:00:00,ORD001625,300316,sell,400,31.8,12720.0,5.0,6.36,12.72,24.08,12695.92
2025-01-02 00:00:00,ORD001626,002049,sell,200,64.04,12808.000000000002,5.0,6.404000000000001,12.808000000000002,24.212000000000003,12783.788
2025-01-02 00:00:00,ORD001627,688303,sell,500,24.15,12075.0,5.0,6.0375000000000005,12.075000000000001,23.112500000000004,12051.887499999999
2025-01-02 00:00:00,ORD001628,600023,sell,2700,5.65,15255.000000000002,5.0,7.627500000000001,15.255000000000003,27.882500000000004,15227.117500000002
2025-01-02 00:00:00,ORD001629,002001,sell,800,21.97,17576.0,5.272799999999999,8.788,17.576,31.6368,17544.3632
2025-01-02 00:00:00,ORD001630,601868,sell,7500,2.29,17175.0,5.1525,8.5875,17.175,30.915,17144.085
2025-01-02 00:00:00,ORD001631,600011,sell,2300,6.77,15570.999999999998,5.0,7.785499999999999,15.570999999999998,28.356499999999997,15542.643499999998
2025-01-02 00:00:00,ORD001632,600515,sell,4700,3.78,17766.0,5.3298,8.883000000000001,17.766000000000002,31.978800000000003,17734.0212
2025-01-02 00:00:00,ORD001633,600016,sell,4500,4.14,18630.0,5.5889999999999995,9.315,18.63,33.534,18596.466
2025-01-02 00:00:00,ORD001634,600025,sell,1600,9.48,15168.0,5.0,7.5840000000000005,15.168000000000001,27.752000000000002,15140.248
2025-01-02 00:00:00,ORD001635,600886,sell,1000,16.62,16620.0,5.0,8.31,16.62,29.93,16590.07
2025-01-02 00:00:00,ORD001636,600900,sell,600,29.51,17706.0,5.3118,8.853,17.706,31.8708,17674.129200000003
2025-01-02 00:00:00,ORD001637,003816,sell,4000,4.13,16520.0,5.0,8.26,16.52,29.78,16490.22
2025-01-02 00:00:00,ORD001638,600183,sell,800,23.99,19192.0,5.757599999999999,9.596,19.192,34.5456,19157.4544
2025-01-02 00:00:00,ORD001639,601018,sell,4700,3.85,18095.0,5.4285,9.0475,18.095,32.571,18062.428999999996
2025-01-02 00:00:00,ORD001640,600372,sell,1400,12.26,17164.0,5.1491999999999996,8.582,17.164,30.895200000000003,17133.1048
2025-01-02 00:00:00,ORD001641,600018,sell,2800,6.1,17080.0,5.124,8.540000000000001,17.080000000000002,30.744000000000003,17049.255999999998
2025-01-02 00:00:00,ORD001642,600029,sell,2700,6.44,17388.0,5.216399999999999,8.694,17.388,31.2984,17356.7016
2025-01-02 00:00:00,ORD001643,600085,sell,400,40.5,16200.0,5.0,8.1,16.2,29.299999999999997,16170.699999999999
2025-01-02 00:00:00,ORD001644,000708,sell,1300,11.41,14833.0,5.0,7.4165,14.833,27.249499999999998,14805.7505
2025-01-02 00:00:00,ORD001645,600845,sell,500,29.27,14635.0,5.0,7.3175,14.635,26.9525,14608.0475
2025-01-02 00:00:00,ORD001646,601888,buy,100,67.03,6703.0,5.0,0.0,6.703,11.703,-6691.297
2025-01-02 00:00:00,ORD001647,601398,buy,1700,6.91,11747.0,5.0,0.0,11.747,16.747,-11730.253
2025-01-02 00:00:00,ORD001648,002463,buy,200,39.13,7826.000000000001,5.0,0.0,7.826000000000001,12.826,-7813.174000000001
2025-01-02 00:00:00,ORD001649,601825,buy,1300,8.51,11063.0,5.0,0.0,11.063,16.063000000000002,-11046.937
2025-01-02 00:00:00,ORD001650,600690,buy,300,28.45,8535.0,5.0,0.0,8.535,13.535,-8521.465
2025-01-02 00:00:00,ORD001651,601009,buy,1000,10.68,10680.0,5.0,0.0,10.68,15.68,-10664.32
2025-01-02 00:00:00,ORD001652,601229,buy,1300,9.2,11959.999999999998,5.0,0.0,11.959999999999999,16.96,-11943.039999999999
2025-01-02 00:00:00,ORD001653,601288,buy,2200,5.34,11748.0,5.0,0.0,11.748000000000001,16.748,-11731.252
2025-01-02 00:00:00,ORD001654,600919,buy,1200,9.85,11820.0,5.0,0.0,11.82,16.82,-11803.18
2025-01-02 00:00:00,ORD001655,601939,buy,1300,8.78,11414.0,5.0,0.0,11.414,16.414,-11397.586
2025-01-02 00:00:00,ORD001656,600028,buy,1600,6.67,10672.0,5.0,0.0,10.672,15.672,-10656.328
2025-01-02 00:00:00,ORD001657,000768,buy,300,27.2,8160.0,5.0,0.0,8.16,13.16,-8146.84
2025-01-02 00:00:00,ORD001658,601169,buy,1800,6.16,11088.0,5.0,0.0,11.088000000000001,16.088,-11071.912
2025-01-02 00:00:00,ORD001659,001965,buy,800,13.94,11152.0,5.0,0.0,11.152000000000001,16.152,-11135.848
2025-01-02 00:00:00,ORD001660,601328,buy,1400,7.78,10892.0,5.0,0.0,10.892,15.892,-10876.108
2025-01-02 00:00:00,ORD001661,000002,buy,1200,7.25,8700.0,5.0,0.0,8.700000000000001,13.700000000000001,-8686.3
2025-01-02 00:00:00,ORD001662,300661,buy,100,81.98,8198.0,5.0,0.0,8.198,13.198,-8184.802
2025-01-02 00:00:00,ORD001663,301308,buy,100,86.0,8600.0,5.0,0.0,8.6,13.6,-8586.4
2025-01-02 00:00:00,ORD001664,601816,buy,1800,6.17,11106.0,5.0,0.0,11.106,16.106,-11089.894
2025-01-02 00:00:00,ORD001665,601006,buy,1500,6.78,10170.0,5.0,0.0,10.17,15.17,-10154.83
2025-01-02 00:00:00,ORD001666,601838,buy,600,17.21,10326.0,5.0,0.0,10.326,15.326,-10310.674
2025-01-02 00:00:00,ORD001667,601658,buy,2000,5.68,11360.0,5.0,0.0,11.36,16.36,-11343.64
2025-01-02 00:00:00,ORD001668,601059,buy,700,14.87,10409.0,5.0,0.0,10.409,15.409,-10393.591
2025-01-02 00:00:00,ORD001669,600115,buy,2600,4.01,10426.0,5.0,0.0,10.426,15.426,-10410.574
2025-01-02 00:00:00,ORD001670,600893,buy,200,41.01,8202.0,5.0,0.0,8.202,13.202,-8188.798
2025-01-02 00:00:00,ORD001671,600660,buy,100,62.41,6241.0,5.0,0.0,6.2410000000000005,11.241,-6229.759
2025-01-02 00:00:00,ORD001672,002179,buy,200,39.11,7822.0,5.0,0.0,7.822,12.822,-7809.178
2025-03-03 00:00:00,ORD001673,002304,sell,100,77.4,7740.000000000001,5.0,3.8700000000000006,7.740000000000001,16.610000000000003,7723.390000000001
2025-03-03 00:00:00,ORD001674,300661,sell,100,89.34,8934.0,5.0,4.4670000000000005,8.934000000000001,18.401000000000003,8915.599
2025-03-03 00:00:00,ORD001675,601059,sell,800,16.05,12840.0,5.0,6.42,12.84,24.259999999999998,12815.74
2025-03-03 00:00:00,ORD001676,601398,sell,3000,6.87,20610.0,6.183,10.305,20.61,37.098,20572.902
2025-03-03 00:00:00,ORD001677,601169,sell,3200,5.85,18720.0,5.616,9.36,18.72,33.696,18686.303999999996
2025-03-03 00:00:00,ORD001678,001965,sell,1400,13.75,19250.0,5.7749999999999995,9.625,19.25,34.65,19215.35
2025-03-03 00:00:00,ORD001679,601328,sell,2500,7.23,18075.0,5.422499999999999,9.0375,18.075,32.535,18042.465
2025-03-03 00:00:00,ORD001680,601816,sell,3000,5.49,16470.0,5.0,8.235,16.47,29.705,16440.295
2025-03-03 00:00:00,ORD001681,601658,sell,3400,5.31,18054.0,5.4162,9.027000000000001,18.054000000000002,32.49720000000001,18021.502800000002
2025-03-03 00:00:00,ORD001682,600115,sell,4400,3.83,16852.0,5.055599999999999,8.426,16.852,30.3336,16821.666400000002
2025-03-03 00:00:00,ORD001683,601888,sell,100,61.19,6119.0,5.0,3.0595,6.119,14.1785,6104.8215
2025-03-03 00:00:00,ORD001684,002463,sell,300,34.8,10440.0,5.0,5.22,10.44,20.659999999999997,10419.34
2025-03-03 00:00:00,ORD001685,000895,sell,500,26.85,13425.0,5.0,6.7125,13.425,25.137500000000003,13399.862500000001
2025-03-03 00:00:00,ORD001686,000333,sell,100,72.7,7270.0,5.0,3.6350000000000002,7.2700000000000005,15.905000000000001,7254.094999999999
2025-03-03 00:00:00,ORD001687,600015,sell,1800,7.26,13068.0,5.0,6.534,13.068,24.601999999999997,13043.398000000001
2025-03-03 00:00:00,ORD001688,601633,sell,400,25.1,10040.0,5.0,5.0200000000000005,10.040000000000001,20.060000000000002,10019.939999999999
2025-03-03 00:00:00,ORD001689,603501,sell,100,143.0,14300.0,5.0,7.15,14.3,26.450000000000003,14273.550000000001
2025-03-03 00:00:00,ORD001690,601766,sell,1500,7.5,11250.0,5.0,5.625,11.25,21.875,11228.125
2025-03-03 00:00:00,ORD001691,300476,sell,200,52.0,10400.0,5.0,5.2,10.4,20.6,10379.4
2025-03-03 00:00:00,ORD001692,601877,sell,500,23.45,11725.0,5.0,5.8625,11.725,22.5875,11702.4125
2025-03-03 00:00:00,ORD001693,300832,sell,100,62.16,6216.0,5.0,3.108,6.216,14.324000000000002,6201.6759999999995
2025-03-03 00:00:00,ORD001694,600406,sell,400,23.56,9424.0,5.0,4.712,9.424,19.136,9404.864
2025-03-03 00:00:00,ORD001695,000651,sell,200,40.84,8168.000000000001,5.0,4.0840000000000005,8.168000000000001,17.252000000000002,8150.748000000001
2025-03-03 00:00:00,ORD001696,605117,sell,100,92.61,9261.0,5.0,4.6305000000000005,9.261000000000001,18.8915,9242.1085
2025-03-03 00:00:00,ORD001697,601698,sell,700,19.69,13783.0,5.0,6.8915,13.783,25.674500000000002,13757.3255
2025-03-03 00:00:00,ORD001698,601066,buy,800,24.54,19632.0,5.8896,0.0,19.632,25.5216,-19606.4784
2025-03-03 00:00:00,ORD001699,603392,buy,300,66.43,19929.000000000004,5.978700000000001,0.0,19.929000000000006,25.907700000000006,-19903.092300000004
2025-03-03 00:00:00,ORD001700,600000,buy,2000,10.19,20380.0,6.114,0.0,20.38,26.494,-20353.505999999998
2025-03-03 00:00:00,ORD001701,601618,buy,6500,3.13,20345.0,6.1034999999999995,0.0,20.345,26.4485,-20318.551499999998
2025-03-03 00:00:00,ORD001702,000425,buy,2700,8.8,23760.000000000004,7.128,0.0,23.760000000000005,30.888000000000005,-23729.112000000005
2025-03-03 00:00:00,ORD001703,000858,buy,100,131.58,13158.000000000002,5.0,0.0,13.158000000000001,18.158,-13139.842000000002
2025-03-03 00:00:00,ORD001704,601211,buy,1100,17.47,19217.0,5.7650999999999994,0.0,19.217,24.9821,-19192.0179
2025-03-03 00:00:00,ORD001705,600036,buy,500,42.12,21060.0,6.318,0.0,21.06,27.378,-21032.622
2025-03-03 00:00:00,ORD001706,000301,buy,2600,9.25,24050.0,7.214999999999999,0.0,24.05,31.265,-24018.735
2025-03-03 00:00:00,ORD001707,601390,buy,3300,5.9,19470.0,5.840999999999999,0.0,19.47,25.311,-19444.689
2025-03-03 00:00:00,ORD001708,600809,buy,100,203.68,20368.0,6.110399999999999,0.0,20.368000000000002,26.4784,-20341.5216
2025-03-03 00:00:00,ORD001709,600585,buy,900,23.29,20961.0,6.2883,0.0,20.961000000000002,27.2493,-20933.7507
2025-03-03 00:00:00,ORD001710,000768,buy,700,24.19,16933.0,5.079899999999999,0.0,16.933,22.0129,-16910.9871
2025-03-03 00:00:00,ORD001711,601601,buy,600,30.94,18564.0,5.5691999999999995,0.0,18.564,24.1332,-18539.8668
2025-03-03 00:00:00,ORD001712,601628,buy,500,39.12,19560.0,5.867999999999999,0.0,19.56,25.427999999999997,-19534.572
2025-03-03 00:00:00,ORD001713,603799,buy,700,33.98,23785.999999999996,7.135799999999998,0.0,23.785999999999998,30.921799999999998,-23755.078199999996
2025-03-03 00:00:00,ORD001714,002142,buy,800,24.28,19424.0,5.8271999999999995,0.0,19.424,25.251199999999997,-19398.7488
2025-03-03 00:00:00,ORD001715,688009,buy,3400,5.8,19720.0,5.9159999999999995,0.0,19.72,25.636,-19694.363999999998
2025-03-03 00:00:00,ORD001716,000166,buy,4000,5.1,20400.0,6.119999999999999,0.0,20.400000000000002,26.520000000000003,-20373.48
2025-03-03 00:00:00,ORD001717,300124,buy,300,72.6,21780.0,6.534,0.0,21.78,28.314,-21751.686
2025-03-03 00:00:00,ORD001718,000408,buy,700,32.14,22498.0,6.7494,0.0,22.498,29.2474,-22468.7526
2025-03-03 00:00:00,ORD001719,300014,buy,400,47.3,18920.0,5.675999999999999,0.0,18.92,24.596,-18895.404000000002
2025-03-03 00:00:00,ORD001720,601225,buy,900,19.02,17118.0,5.1354,0.0,17.118000000000002,22.253400000000003,-17095.746600000002
2025-03-03 00:00:00,ORD001721,600989,buy,1200,16.63,19956.0,5.9868,0.0,19.956,25.9428,-19930.057200000003
2025-03-03 00:00:00,ORD001722,002493,buy,2300,8.85,20355.0,6.1065,0.0,20.355,26.4615,-20328.5385
2025-03-03 00:00:00,ORD001723,000776,buy,1300,15.35,19955.0,5.9864999999999995,0.0,19.955000000000002,25.9415,-19929.0585
2025-03-03 00:00:00,ORD001724,601166,buy,1100,20.91,23001.0,6.9003,0.0,23.001,29.9013,-22971.0987
2025-03-03 00:00:00,ORD001725,600999,buy,1100,18.25,20075.0,6.022499999999999,0.0,20.075,26.097499999999997,-20048.9025
2025-04-01 00:00:00,ORD001726,300661,sell,100,87.67,8767.0,5.0,4.3835,8.767,18.1505,8748.8495
2025-04-01 00:00:00,ORD001727,601059,sell,700,16.3,11410.0,5.0,5.705,11.41,22.115000000000002,11387.885
2025-04-01 00:00:00,ORD001728,601398,sell,1700,6.87,11679.0,5.0,5.8395,11.679,22.518500000000003,11656.4815
2025-04-01 00:00:00,ORD001729,001965,sell,800,13.25,10600.0,5.0,5.3,10.6,20.9,10579.1
2025-04-01 00:00:00,ORD001730,601816,sell,1800,5.57,10026.0,5.0,5.013,10.026,20.039,10005.961
2025-04-01 00:00:00,ORD001731,600115,sell,2600,3.62,9412.0,5.0,4.706,9.412,19.118000000000002,9392.882
2025-04-01 00:00:00,ORD001732,601888,sell,100,60.22,6022.0,5.0,3.011,6.022,14.033,6007.967
2025-04-01 00:00:00,ORD001733,002463,sell,200,32.97,6594.0,5.0,3.297,6.594,14.891000000000002,6579.109
2025-04-01 00:00:00,ORD001734,600000,sell,1200,10.43,12516.0,5.0,6.258,12.516,23.774,12492.226
2025-04-01 00:00:00,ORD001735,002493,sell,1300,8.61,11193.0,5.0,5.5965,11.193,21.789499999999997,11171.210500000001
2025-04-01 00:00:00,ORD001736,601166,sell,700,21.58,15105.999999999998,5.0,7.552999999999999,15.105999999999998,27.659,15078.340999999999
2025-04-01 00:00:00,ORD001737,601825,sell,1300,8.34,10842.0,5.0,5.421,10.842,21.262999999999998,10820.737
2025-04-01 00:00:00,ORD001738,600690,sell,300,27.4,8220.0,5.0,4.11,8.22,17.33,8202.67
2025-04-01 00:00:00,ORD001739,601229,sell,1300,9.84,12792.0,5.0,6.396,12.792,24.188000000000002,12767.812
2025-04-01 00:00:00,ORD001740,601288,sell,2200,5.17,11374.0,5.0,5.687,11.374,22.061,11351.939
2025-04-01 00:00:00,ORD001741,600919,sell,1200,9.5,11400.0,5.0,5.7,11.4,22.1,11377.9
2025-04-01 00:00:00,ORD001742,601939,sell,1300,8.76,11388.0,5.0,5.694,11.388,22.082,11365.918
2025-04-01 00:00:00,ORD001743,600028,sell,1600,5.75,9200.0,5.0,4.6000000000000005,9.200000000000001,18.800000000000004,9181.199999999999
2025-04-01 00:00:00,ORD001744,000768,sell,300,23.85,7155.0,5.0,3.5775,7.155,15.732500000000002,7139.2675
2025-04-01 00:00:00,ORD001745,000002,sell,1200,7.07,8484.0,5.0,4.242,8.484,17.726,8466.274
2025-04-01 00:00:00,ORD001746,301308,sell,100,92.99,9299.0,5.0,4.6495,9.299,18.9485,9280.0515
2025-04-01 00:00:00,ORD001747,601006,sell,1500,6.52,9780.0,5.0,4.89,9.78,19.67,9760.33
2025-04-01 00:00:00,ORD001748,601838,sell,600,17.16,10296.0,5.0,5.148,10.296,20.444,10275.556
2025-04-01 00:00:00,ORD001749,600893,sell,200,36.42,7284.0,5.0,3.642,7.284,15.925999999999998,7268.0740000000005
2025-04-01 00:00:00,ORD001750,002179,sell,200,41.29,8258.0,5.0,4.1290000000000004,8.258000000000001,17.387,8240.613
2025-04-01 00:00:00,ORD001751,600489,buy,1000,14.04,14040.0,5.0,0.0,14.040000000000001,19.04,-14020.96
2025-04-01 00:00:00,ORD001752,600061,buy,1800,7.07,12726.0,5.0,0.0,12.726,17.726,-12708.274
2025-04-01 00:00:00,ORD001753,000538,buy,200,56.91,11382.0,5.0,0.0,11.382,16.381999999999998,-11365.618
2025-04-01 00:00:00,ORD001754,601009,buy,1200,10.33,12396.0,5.0,0.0,12.396,17.396,-12378.604
2025-04-01 00:00:00,ORD001755,000333,buy,100,78.1,7809.999999999999,5.0,0.0,7.81,12.809999999999999,-7797.189999999999
2025-04-01 00:00:00,ORD001756,002001,buy,600,22.39,13434.0,5.0,0.0,13.434000000000001,18.434,-13415.566
2025-04-01 00:00:00,ORD001757,600015,buy,1800,7.8,14040.0,5.0,0.0,14.040000000000001,19.04,-14020.96
2025-04-01 00:00:00,ORD001758,600585,buy,500,24.27,12135.0,5.0,0.0,12.135,17.134999999999998,-12117.865
2025-04-01 00:00:00,ORD001759,601169,buy,2200,6.04,13288.0,5.0,0.0,13.288,18.288,-13269.712
2025-04-01 00:00:00,ORD001760,601766,buy,1700,7.08,12036.0,5.0,0.0,12.036,17.036,-12018.964
2025-04-01 00:00:00,ORD001761,002920,buy,100,112.9,11290.0,5.0,0.0,11.290000000000001,16.29,-11273.71
2025-04-01 00:00:00,ORD001762,601998,buy,1900,7.12,13528.0,5.0,0.0,13.528,18.528,-13509.472
2025-04-01 00:00:00,ORD001763,601328,buy,1800,7.41,13338.0,5.0,0.0,13.338000000000001,18.338,-13319.662
2025-04-01 00:00:00,ORD001764,600900,buy,400,27.85,11140.0,5.0,0.0,11.14,16.14,-11123.86
2025-04-01 00:00:00,ORD001765,601600,buy,1800,7.49,13482.0,5.0,0.0,13.482000000000001,18.482,-13463.518
2025-04-01 00:00:00,ORD001766,601607,buy,600,18.6,11160.0,5.0,0.0,11.16,16.16,-11143.84
2025-04-01 00:00:00,ORD001767,300832,buy,200,58.22,11644.0,5.0,0.0,11.644,16.644,-11627.356
2025-04-01 00:00:00,ORD001768,300308,buy,100,99.03,9903.0,5.0,0.0,9.903,14.903,-9888.097
2025-04-01 00:00:00,ORD001769,600547,buy,500,27.0,13500.0,5.0,0.0,13.5,18.5,-13481.5
2025-04-01 00:00:00,ORD001770,000166,buy,2500,4.96,12400.0,5.0,0.0,12.4,17.4,-12382.6
2025-04-01 00:00:00,ORD001771,000408,buy,400,36.0,14400.0,5.0,0.0,14.4,19.4,-14380.6
2025-04-01 00:00:00,ORD001772,601225,buy,600,19.76,11856.000000000002,5.0,0.0,11.856000000000002,16.856,-11839.144000000002
2025-04-01 00:00:00,ORD001773,600018,buy,2300,5.79,13317.0,5.0,0.0,13.317,18.317,-13298.683
2025-04-01 00:00:00,ORD001774,600309,buy,100,67.22,6722.0,5.0,0.0,6.722,11.722000000000001,-6710.278
2025-04-01 00:00:00,ORD001775,601658,buy,2400,5.2,12480.0,5.0,0.0,12.48,17.48,-12462.52
2025-04-01 00:00:00,ORD001776,601088,buy,300,38.29,11487.0,5.0,0.0,11.487,16.487000000000002,-11470.513
2025-04-01 00:00:00,ORD001777,600660,buy,200,58.58,11716.0,5.0,0.0,11.716000000000001,16.716,-11699.284
2025-04-01 00:00:00,ORD001778,600999,buy,700,17.85,12495.000000000002,5.0,0.0,12.495000000000003,17.495000000000005,-12477.505000000001
2025-04-01 00:00:00,ORD001779,601058,buy,800,14.52,11616.0,5.0,0.0,11.616,16.616,-11599.384
2025-05-06 00:00:00,ORD001780,601169,sell,1800,6.02,10836.0,5.0,5.418,10.836,21.253999999999998,10814.746000000001
2025-05-06 00:00:00,ORD001781,601328,sell,1400,7.49,10486.0,5.0,5.243,10.486,20.729,10465.270999999999
2025-05-06 00:00:00,ORD001782,601658,sell,2000,5.1,10200.0,5.0,5.1000000000000005,10.200000000000001,20.300000000000004,10179.699999999999
2025-05-06 00:00:00,ORD001783,600000,sell,2000,11.0,22000.0,6.6,11.0,22.0,39.6,21960.4
2025-05-06 00:00:00,ORD001784,000408,sell,1100,36.29,39919.0,11.9757,19.959500000000002,39.919000000000004,71.8542,39847.1458
2025-05-06 00:00:00,ORD001785,601166,sell,1100,21.05,23155.0,6.9464999999999995,11.5775,23.155,41.679,23113.321000000004
2025-05-06 00:00:00,ORD001786,000768,sell,700,23.31,16317.0,5.0,8.1585,16.317,29.4755,16287.524500000001
2025-05-06 00:00:00,ORD001787,600660,sell,100,57.79,5779.0,5.0,2.8895,5.779,13.6685,5765.331499999999
2025-05-06 00:00:00,ORD001788,601066,sell,800,23.4,18720.0,5.616,9.36,18.72,33.696,18686.303999999996
2025-05-06 00:00:00,ORD001789,603392,sell,300,65.53,19659.0,5.8976999999999995,9.8295,19.659,35.3862,19623.6138
2025-05-06 00:00:00,ORD001790,601618,sell,6500,2.91,18915.0,5.674499999999999,9.4575,18.915,34.047,18880.952999999998
2025-05-06 00:00:00,ORD001791,000425,sell,2700,8.85,23895.0,7.168499999999999,11.9475,23.895,43.010999999999996,23851.989
2025-05-06 00:00:00,ORD001792,000858,sell,100,129.0,12900.0,5.0,6.45,12.9,24.35,12875.65
2025-05-06 00:00:00,ORD001793,601211,sell,1100,17.33,19062.999999999996,5.718899999999999,9.531499999999998,19.062999999999995,34.31339999999999,19028.686599999997
2025-05-06 00:00:00,ORD001794,600036,sell,500,40.9,20450.0,6.135,10.225,20.45,36.81,20413.190000000002
2025-05-06 00:00:00,ORD001795,000301,sell,2600,8.81,22906.0,6.8717999999999995,11.453,22.906,41.2308,22864.7692
2025-05-06 00:00:00,ORD001796,601390,sell,3300,5.53,18249.0,5.4746999999999995,9.1245,18.249,32.8482,18216.1518
2025-05-06 00:00:00,ORD001797,600809,sell,100,206.6,20660.0,6.1979999999999995,10.33,20.66,37.188,20622.811999999998
2025-05-06 00:00:00,ORD001798,600585,sell,900,24.11,21699.0,6.5097,10.8495,21.699,39.0582,21659.9418
2025-05-06 00:00:00,ORD001799,601601,sell,600,30.09,18054.0,5.4162,9.027000000000001,18.054000000000002,32.49720000000001,18021.502800000002
2025-05-06 00:00:00,ORD001800,601628,sell,500,36.4,18200.0,5.46,9.1,18.2,32.76,18167.24
2025-05-06 00:00:00,ORD001801,603799,sell,700,34.01,23807.0,7.142099999999999,11.903500000000001,23.807000000000002,42.8526,23764.147399999998
2025-05-06 00:00:00,ORD001802,002142,sell,800,24.0,19200.0,5.76,9.6,19.2,34.56,19165.440000000002
2025-05-06 00:00:00,ORD001803,300124,sell,300,72.3,21690.0,6.507,10.845,21.69,39.042,21650.958
2025-05-06 00:00:00,ORD001804,300014,sell,400,41.35,16540.0,5.0,8.27,16.54,29.81,16510.19
2025-05-06 00:00:00,ORD001805,601225,sell,900,19.25,17325.0,5.1975,8.6625,17.325,31.185,17293.815000000002
2025-05-06 00:00:00,ORD001806,600989,sell,1200,15.96,19152.0,5.7456,9.576,19.152,34.473600000000005,19117.526400000002
2025-05-06 00:00:00,ORD001807,000776,sell,1300,15.72,20436.0,6.1308,10.218,20.436,36.784800000000004,20399.2152
2025-05-06 00:00:00,ORD001808,600999,sell,1100,16.51,18161.0,5.4483,9.0805,18.161,32.689800000000005,18128.3102
2025-05-06 00:00:00,ORD001809,601398,buy,1400,7.01,9814.0,5.0,0.0,9.814,14.814,-9799.186
2025-05-06 00:00:00,ORD001810,601825,buy,1100,8.45,9295.0,5.0,0.0,9.295,14.295,-9280.705
2025-05-06 00:00:00,ORD001811,002938,buy,200,28.57,5714.0,5.0,0.0,5.714,10.714,-5703.286
2025-05-06 00:00:00,ORD001812,000538,buy,100,57.27,5727.0,5.0,0.0,5.727,10.727,-5716.273
2025-05-06 00:00:00,ORD001813,601009,buy,900,10.44,9396.0,5.0,0.0,9.396,14.396,-9381.604
2025-05-06 00:00:00,ORD001814,601689,buy,100,53.0,5300.0,5.0,0.0,5.3,10.3,-5289.7
2025-05-06 00:00:00,ORD001815,301165,buy,100,74.28,7428.0,5.0,0.0,7.428,12.428,-7415.572
2025-05-06 00:00:00,ORD001816,002736,buy,900,10.87,9783.0,5.0,0.0,9.783,14.783,-9768.217
2025-05-06 00:00:00,ORD001817,601288,buy,1800,5.42,9756.0,5.0,0.0,9.756,14.756,-9741.244
2025-05-06 00:00:00,ORD001818,300803,buy,100,59.35,5935.0,5.0,0.0,5.9350000000000005,10.935,-5924.065
2025-05-06 00:00:00,ORD001819,601916,buy,3300,3.0,9900.0,5.0,0.0,9.9,14.9,-9885.1
2025-05-06 00:00:00,ORD001820,000617,buy,1500,6.94,10410.0,5.0,0.0,10.41,15.41,-10394.59
2025-05-06 00:00:00,ORD001821,600900,buy,300,29.65,8895.0,5.0,0.0,8.895,13.895,-8881.105
2025-05-06 00:00:00,ORD001822,688036,buy,100,76.0,7600.0,5.0,0.0,7.6000000000000005,12.600000000000001,-7587.4
2025-05-06 00:00:00,ORD001823,600009,buy,200,32.17,6434.0,5.0,0.0,6.434,11.434000000000001,-6422.566
2025-05-06 00:00:00,ORD001824,600406,buy,400,22.13,8852.0,5.0,0.0,8.852,13.852,-8838.148
2025-05-06 00:00:00,ORD001825,688009,buy,1700,5.12,8704.0,5.0,0.0,8.704,13.704,-8690.296
2025-05-06 00:00:00,ORD001826,688126,buy,500,17.5,8750.0,5.0,0.0,8.75,13.75,-8736.25
2025-05-06 00:00:00,ORD001827,000166,buy,1900,4.75,9025.0,5.0,0.0,9.025,14.025,-9010.975
2025-05-06 00:00:00,ORD001828,601816,buy,1700,5.84,9928.0,5.0,0.0,9.928,14.928,-9913.072
2025-05-06 00:00:00,ORD001829,600018,buy,1600,5.45,8720.0,5.0,0.0,8.72,13.72,-8706.28
2025-05-06 00:00:00,ORD001830,002493,buy,1100,8.39,9229.0,5.0,0.0,9.229000000000001,14.229000000000001,-9214.771
2025-05-06 00:00:00,ORD001831,601006,buy,1400,6.5,9100.0,5.0,0.0,9.1,14.1,-9085.9
2025-05-06 00:00:00,ORD001832,600160,buy,300,25.77,7731.0,5.0,0.0,7.731,12.731,-7718.269
2025-05-06 00:00:00,ORD001833,601857,buy,1100,7.97,8767.0,5.0,0.0,8.767,13.767,-8753.233
2025-05-06 00:00:00,ORD001834,601988,buy,1700,5.55,9435.0,5.0,0.0,9.435,14.435,-9420.565
2025-06-03 00:00:00,ORD001835,601169,sell,2200,6.3,13860.0,5.0,6.93,13.86,25.79,13834.21
2025-06-03 00:00:00,ORD001836,601328,sell,1800,7.58,13644.0,5.0,6.822,13.644,25.466,13618.534
2025-06-03 00:00:00,ORD001837,601658,sell,2400,5.3,12720.0,5.0,6.36,12.72,24.08,12695.92
2025-06-03 00:00:00,ORD001838,000408,sell,400,36.6,14640.0,5.0,7.32,14.64,26.96,14613.04
2025-06-03 00:00:00,ORD001839,601009,sell,2200,11.45,25190.0,7.5569999999999995,12.595,25.19,45.342,25144.658
2025-06-03 00:00:00,ORD001840,600660,sell,200,57.97,11594.0,5.0,5.797,11.594,22.391,11571.609
2025-06-03 00:00:00,ORD001841,600585,sell,500,23.21,11605.0,5.0,5.8025,11.605,22.4075,11582.5925
2025-06-03 00:00:00,ORD001842,688009,sell,3400,5.03,17102.0,5.130599999999999,8.551,17.102,30.7836,17071.2164
2025-06-03 00:00:00,ORD001843,601225,sell,600,20.68,12408.0,5.0,6.204,12.408,23.612000000000002,12384.388
2025-06-03 00:00:00,ORD001844,600999,sell,700,16.11,11277.0,5.0,5.6385000000000005,11.277000000000001,21.9155,11255.0845
2025-06-03 00:00:00,ORD001845,600489,sell,1000,14.32,14320.0,5.0,7.16,14.32,26.48,14293.52
2025-06-03 00:00:00,ORD001846,600061,sell,1800,6.97,12546.0,5.0,6.273,12.546,23.819,12522.181
2025-06-03 00:00:00,ORD001847,000538,sell,200,56.48,11296.0,5.0,5.648,11.296,21.944,11274.056
2025-06-03 00:00:00,ORD001848,000333,sell,100,79.05,7905.0,5.0,3.9525,7.905,16.8575,7888.1425
2025-06-03 00:00:00,ORD001849,002001,sell,600,21.9,13140.0,5.0,6.57,13.14,24.71,13115.29
2025-06-03 00:00:00,ORD001850,600015,sell,1800,7.51,13518.0,5.0,6.759,13.518,25.277,13492.723
2025-06-03 00:00:00,ORD001851,002920,sell,100,109.5,10950.0,5.0,5.4750000000000005,10.950000000000001,21.425000000000004,10928.574999999999
2025-06-03 00:00:00,ORD001852,601998,sell,1900,7.99,15181.0,5.0,7.5905000000000005,15.181000000000001,27.771500000000003,15153.2285
2025-06-03 00:00:00,ORD001853,600900,sell,400,30.28,12112.0,5.0,6.056,12.112,23.168,12088.832
2025-06-03 00:00:00,ORD001854,601600,sell,1800,6.63,11934.0,5.0,5.9670000000000005,11.934000000000001,22.901000000000003,11911.099
2025-06-03 00:00:00,ORD001855,300832,sell,200,59.85,11970.0,5.0,5.985,11.97,22.955,11947.045
2025-06-03 00:00:00,ORD001856,300308,sell,100,92.5,9250.0,5.0,4.625,9.25,18.875,9231.125
2025-06-03 00:00:00,ORD001857,600547,sell,500,30.94,15470.0,5.0,7.735,15.47,28.205,15441.795
2025-06-03 00:00:00,ORD001858,600309,sell,100,54.06,5406.0,5.0,2.703,5.406,13.108999999999998,5392.891
2025-06-03 00:00:00,ORD001859,601088,sell,300,39.24,11772.0,5.0,5.886,11.772,22.658,11749.341999999999
2025-06-03 00:00:00,ORD001860,601058,sell,800,12.54,10032.0,5.0,5.016,10.032,20.048000000000002,10011.952000000001
2025-06-03 00:00:00,ORD001861,603392,buy,300,69.0,20700.0,6.209999999999999,0.0,20.7,26.909999999999997,-20673.09
2025-06-03 00:00:00,ORD001862,603296,buy,300,65.89,19767.0,5.9300999999999995,0.0,19.767,25.6971,-19741.3029
2025-06-03 00:00:00,ORD001863,601618,buy,7000,2.92,20440.0,6.132,0.0,20.44,26.572000000000003,-20413.428
2025-06-03 00:00:00,ORD001864,002938,buy,700,28.02,19614.0,5.8842,0.0,19.614,25.4982,-19588.5018
2025-06-03 00:00:00,ORD001865,601211,buy,1100,17.37,19107.0,5.732099999999999,0.0,19.107,24.8391,-19082.1609
2025-06-03 00:00:00,ORD001866,300418,buy,600,32.97,19782.0,5.9346,0.0,19.782,25.7166,-19756.2834
2025-06-03 00:00:00,ORD001867,601901,buy,2700,7.55,20385.0,6.115499999999999,0.0,20.385,26.500500000000002,-20358.4995
2025-06-03 00:00:00,ORD001868,000301,buy,2300,8.45,19435.0,5.8305,0.0,19.435,25.2655,-19409.7345
2025-06-03 00:00:00,ORD001869,601601,buy,600,34.37,20622.0,6.186599999999999,0.0,20.622,26.8086,-20595.1914
2025-06-03 00:00:00,ORD001870,601766,buy,2900,7.18,20822.0,6.246599999999999,0.0,20.822,27.068599999999996,-20794.9314
2025-06-03 00:00:00,ORD001871,002236,buy,1200,15.22,18264.0,5.4792,0.0,18.264,23.743199999999998,-18240.2568
2025-06-03 00:00:00,ORD001872,002230,buy,400,46.46,18584.0,5.5752,0.0,18.584,24.1592,-18559.8408
2025-06-03 00:00:00,ORD001873,601607,buy,1100,18.27,20097.0,6.0291,0.0,20.097,26.1261,-20070.8739
2025-06-03 00:00:00,ORD001874,601877,buy,900,21.84,19656.0,5.8968,0.0,19.656,25.552799999999998,-19630.447200000002
2025-06-03 00:00:00,ORD001875,002532,buy,2700,7.68,20736.0,6.2208,0.0,20.736,26.9568,-20709.0432
2025-06-03 00:00:00,ORD001876,601800,buy,2300,8.8,20240.0,6.071999999999999,0.0,20.240000000000002,26.312,-20213.688
2025-06-03 00:00:00,ORD001877,601688,buy,1200,16.45,19740.0,5.922,0.0,19.740000000000002,25.662000000000003,-19714.338
2025-06-03 00:00:00,ORD001878,603260,buy,400,48.5,19400.0,5.819999999999999,0.0,19.400000000000002,25.220000000000002,-19374.78
2025-06-03 00:00:00,ORD001879,000100,buy,4900,4.28,20972.0,6.2916,0.0,20.972,27.2636,-20944.736399999998
2025-06-03 00:00:00,ORD001880,600050,buy,3800,5.32,20216.0,6.064799999999999,0.0,20.216,26.2808,-20189.7192
2025-06-03 00:00:00,ORD001881,000166,buy,4300,4.72,20296.0,6.088799999999999,0.0,20.296,26.3848,-20269.6152
2025-06-03 00:00:00,ORD001882,002241,buy,900,20.73,18657.0,5.597099999999999,0.0,18.657,24.2541,-18632.7459
2025-06-03 00:00:00,ORD001883,600018,buy,3700,5.84,21608.0,6.482399999999999,0.0,21.608,28.0904,-21579.9096
2025-06-03 00:00:00,ORD001884,002493,buy,2400,8.58,20592.0,6.177599999999999,0.0,20.592,26.769599999999997,-20565.2304
2025-06-03 00:00:00,ORD001885,600085,buy,500,37.83,18915.0,5.674499999999999,0.0,18.915,24.589499999999997,-18890.410499999998
2025-06-03 00:00:00,ORD001886,300450,buy,1000,19.9,19900.0,5.97,0.0,19.900000000000002,25.87,-19874.129999999997
2025-06-03 00:00:00,ORD001887,600584,buy,600,32.0,19200.0,5.76,0.0,19.2,24.96,-19175.04
2025-06-03 00:00:00,ORD001888,600188,buy,1600,12.84,20544.0,6.1632,0.0,20.544,26.7072,-20517.2928
2025-06-03 00:00:00,ORD001889,603288,buy,400,43.88,17552.0,5.265599999999999,0.0,17.552,22.8176,-17529.1824
2025-06-03 00:00:00,ORD001890,600588,buy,1400,12.94,18116.0,5.434799999999999,0.0,18.116,23.5508,-18092.4492
2025-07-01 00:00:00,ORD001891,002493,sell,3400,8.28,28151.999999999996,8.445599999999999,14.075999999999999,28.151999999999997,50.67359999999999,28101.326399999998
2025-07-01 00:00:00,ORD001892,601009,sell,900,11.62,10458.0,5.0,5.229,10.458,20.686999999999998,10437.313
2025-07-01 00:00:00,ORD001893,688009,sell,1700,5.15,8755.0,5.0,4.3775,8.755,18.1325,8736.8675
2025-07-01 00:00:00,ORD001894,000166,sell,8400,5.03,42252.0,12.6756,21.126,42.252,76.0536,42175.9464
2025-07-01 00:00:00,ORD001895,000538,sell,100,55.79,5579.0,5.0,2.7895,5.579,13.368500000000001,5565.6315
2025-07-01 00:00:00,ORD001896,601766,sell,1700,7.04,11968.0,5.0,5.984,11.968,22.951999999999998,11945.047999999999
2025-07-01 00:00:00,ORD001897,600900,sell,300,30.2,9060.0,5.0,4.53,9.06,18.590000000000003,9041.41
2025-07-01 00:00:00,ORD001898,601607,sell,600,17.89,10734.0,5.0,5.367,10.734,21.101,10712.899
2025-07-01 00:00:00,ORD001899,600018,sell,3900,5.71,22269.0,6.680699999999999,11.134500000000001,22.269000000000002,40.0842,22228.9158
2025-07-01 00:00:00,ORD001900,601398,sell,1400,7.59,10626.0,5.0,5.313,10.626,20.939,10605.061
2025-07-01 00:00:00,ORD001901,601825,sell,1100,9.77,10747.0,5.0,5.3735,10.747,21.1205,10725.879500000001
2025-07-01 00:00:00,ORD001902,601689,sell,100,47.0,4700.0,5.0,2.35,4.7,12.05,4687.95
2025-07-01 00:00:00,ORD001903,301165,sell,100,61.46,6146.0,5.0,3.073,6.146,14.219000000000001,6131.781
2025-07-01 00:00:00,ORD001904,002736,sell,900,11.51,10359.0,5.0,5.1795,10.359,20.5385,10338.4615
2025-07-01 00:00:00,ORD001905,601288,sell,1800,5.89,10602.0,5.0,5.301,10.602,20.903,10581.097
2025-07-01 00:00:00,ORD001906,300803,sell,100,81.04,8104.000000000001,5.0,4.0520000000000005,8.104000000000001,17.156,8086.844000000001
2025-07-01 00:00:00,ORD001907,601916,sell,3300,3.39,11187.0,5.0,5.5935,11.187,21.780499999999996,11165.2195
2025-07-01 00:00:00,ORD001908,000617,sell,1500,7.31,10965.0,5.0,5.4825,10.965,21.447499999999998,10943.5525
2025-07-01 00:00:00,ORD001909,600009,sell,200,31.81,6362.0,5.0,3.181,6.362,14.543000000000001,6347.457
2025-07-01 00:00:00,ORD001910,600406,sell,400,22.42,8968.0,5.0,4.484,8.968,18.451999999999998,8949.547999999999
2025-07-01 00:00:00,ORD001911,688126,sell,500,18.74,9370.0,5.0,4.6850000000000005,9.370000000000001,19.055,9350.945
2025-07-01 00:00:00,ORD001912,601816,sell,1700,5.75,9775.0,5.0,4.8875,9.775,19.6625,9755.3375
2025-07-01 00:00:00,ORD001913,601006,sell,1400,6.6,9240.0,5.0,4.62,9.24,18.86,9221.14
2025-07-01 00:00:00,ORD001914,600160,sell,300,28.64,8592.0,5.0,4.296,8.592,17.887999999999998,8574.112
2025-07-01 00:00:00,ORD001915,601857,sell,1100,8.56,9416.0,5.0,4.708,9.416,19.124000000000002,9396.876
2025-07-01 00:00:00,ORD001916,601988,sell,1700,5.62,9554.0,5.0,4.777,9.554,19.331000000000003,9534.669
2025-07-01 00:00:00,ORD001917,600426,buy,500,21.7,10850.0,5.0,0.0,10.85,15.85,-10834.15
2025-07-01 00:00:00,ORD001918,603296,buy,100,79.99,7998.999999999999,5.0,0.0,7.999,12.998999999999999,-7986.000999999999
2025-07-01 00:00:00,ORD001919,601618,buy,4000,2.99,11960.0,5.0,0.0,11.96,16.96,-11943.04
2025-07-01 00:00:00,ORD001920,002938,buy,400,32.09,12836.000000000002,5.0,0.0,12.836000000000002,17.836000000000002,-12818.164000000002
2025-07-01 00:00:00,ORD001921,000807,buy,800,15.99,12792.0,5.0,0.0,12.792,17.792,-12774.208
2025-07-01 00:00:00,ORD001922,000425,buy,1400,7.77,10878.0,5.0,0.0,10.878,15.878,-10862.122
2025-07-01 00:00:00,ORD001923,002625,buy,200,40.0,8000.0,5.0,0.0,8.0,13.0,-7987.0
2025-07-01 00:00:00,ORD001924,601868,buy,5300,2.23,11819.0,5.0,0.0,11.819,16.819000000000003,-11802.181
2025-07-01 00:00:00,ORD001925,601390,buy,2100,5.61,11781.0,5.0,0.0,11.781,16.781,-11764.219
2025-07-01 00:00:00,ORD001926,000999,buy,200,31.34,6268.0,5.0,0.0,6.268,11.268,-6256.732
2025-07-01 00:00:00,ORD001927,300433,buy,500,22.32,11160.0,5.0,0.0,11.16,16.16,-11143.84
2025-07-01 00:00:00,ORD001928,688521,buy,100,96.51,9651.0,5.0,0.0,9.651,14.651,-9636.349
2025-07-01 00:00:00,ORD001929,002837,buy,400,29.73,11892.0,5.0,0.0,11.892,16.892,-11875.108
2025-07-01 00:00:00,ORD001930,688036,buy,100,79.67,7967.0,5.0,0.0,7.9670000000000005,12.967,-7954.033
2025-07-01 00:00:00,ORD001931,601872,buy,1900,6.26,11894.0,5.0,0.0,11.894,16.894,-11877.106
2025-07-01 00:00:00,ORD001932,600346,buy,700,14.29,10003.0,5.0,0.0,10.003,15.003,-9987.997
2025-07-01 00:00:00,ORD001933,000938,buy,400,23.98,9592.0,5.0,0.0,9.592,14.592,-9577.408
2025-07-01 00:00:00,ORD001934,300661,buy,100,73.0,7300.0,5.0,0.0,7.3,12.3,-7287.7
2025-07-01 00:00:00,ORD001935,601186,buy,1400,8.02,11228.0,5.0,0.0,11.228,16.228,-11211.772
2025-07-01 00:00:00,ORD001936,002241,buy,500,23.32,11660.0,5.0,0.0,11.66,16.66,-11643.34
2025-07-01 00:00:00,ORD001937,002475,buy,300,34.79,10437.0,5.0,0.0,10.437,15.437,-10421.563
2025-07-01 00:00:00,ORD001938,688008,buy,100,81.99,8199.0,5.0,0.0,8.199,13.199,-8185.801
2025-07-01 00:00:00,ORD001939,300498,buy,700,17.09,11963.0,5.0,0.0,11.963000000000001,16.963,-11946.037
2025-07-01 00:00:00,ORD001940,600803,buy,600,18.92,11352.000000000002,5.0,0.0,11.352000000000002,16.352000000000004,-11335.648000000001
2025-07-01 00:00:00,ORD001941,600588,buy,900,13.46,12114.0,5.0,0.0,12.114,17.114,-12096.886
2025-08-01 00:00:00,ORD001942,000166,sell,4300,5.28,22704.0,6.8111999999999995,11.352,22.704,40.8672,22663.1328
2025-08-01 00:00:00,ORD001943,601766,sell,2900,7.39,21431.0,6.4293,10.7155,21.431,38.5758,21392.4242
2025-08-01 00:00:00,ORD001944,600018,sell,3700,5.63,20831.0,6.2493,10.4155,20.831,37.4958,20793.504200000003
2025-08-01 00:00:00,ORD001945,002938,sell,900,53.68,48312.0,14.493599999999999,24.156,48.312,86.9616,48225.0384
2025-08-01 00:00:00,ORD001946,688036,sell,100,76.14,7614.0,5.0,3.807,7.614,16.421,7597.579000000001
2025-08-01 00:00:00,ORD001947,603392,sell,300,58.05,17415.0,5.2245,8.7075,17.415,31.346999999999998,17383.653
2025-08-01 00:00:00,ORD001948,603296,sell,300,81.98,24594.0,7.3782,12.297,24.594,44.2692,24549.7308
2025-08-01 00:00:00,ORD001949,601211,sell,1100,20.3,22330.0,6.699,11.165000000000001,22.330000000000002,40.194,22289.805999999997
2025-08-01 00:00:00,ORD001950,300418,sell,600,36.19,21714.0,6.5142,10.857000000000001,21.714000000000002,39.0852,21674.9148
2025-08-01 00:00:00,ORD001951,601901,sell,2700,8.12,21923.999999999996,6.577199999999999,10.961999999999998,21.923999999999996,39.46319999999999,21884.536799999998
2025-08-01 00:00:00,ORD001952,000301,sell,2300,8.92,20516.0,6.1548,10.258000000000001,20.516000000000002,36.9288,20479.0712
2025-08-01 00:00:00,ORD001953,601601,sell,600,37.35,22410.0,6.722999999999999,11.205,22.41,40.337999999999994,22369.661999999997
2025-08-01 00:00:00,ORD001954,002230,sell,400,49.31,19724.0,5.917199999999999,9.862,19.724,35.5032,19688.4968
2025-08-01 00:00:00,ORD001955,601877,sell,900,22.85,20565.0,6.169499999999999,10.2825,20.565,37.016999999999996,20527.983
2025-08-01 00:00:00,ORD001956,002532,sell,2700,9.14,24678.0,7.4033999999999995,12.339,24.678,44.4204,24633.5796
2025-08-01 00:00:00,ORD001957,601800,sell,2300,9.21,21183.000000000004,6.354900000000001,10.591500000000002,21.183000000000003,38.129400000000004,21144.870600000006
2025-08-01 00:00:00,ORD001958,601688,sell,1200,20.0,24000.0,7.199999999999999,12.0,24.0,43.2,23956.8
2025-08-01 00:00:00,ORD001959,603260,sell,400,52.4,20960.0,6.287999999999999,10.48,20.96,37.728,20922.272
2025-08-01 00:00:00,ORD001960,600050,sell,3800,5.36,20368.0,6.110399999999999,10.184000000000001,20.368000000000002,36.662400000000005,20331.3376
2025-08-01 00:00:00,ORD001961,002241,sell,900,23.02,20718.0,6.2154,10.359,20.718,37.2924,20680.707599999998
2025-08-01 00:00:00,ORD001962,600085,sell,500,36.0,18000.0,5.3999999999999995,9.0,18.0,32.4,17967.6
2025-08-01 00:00:00,ORD001963,300450,sell,1000,25.46,25460.0,7.637999999999999,12.73,25.46,45.828,25414.172000000002
2025-08-01 00:00:00,ORD001964,600584,sell,600,35.01,21006.0,6.301799999999999,10.503,21.006,37.8108,20968.189199999997
2025-08-01 00:00:00,ORD001965,601988,buy,2300,5.54,12742.0,5.0,0.0,12.742,17.742,-12724.258
2025-08-01 00:00:00,ORD001966,601618,buy,4400,3.03,13332.0,5.0,0.0,13.332,18.332,-13313.668
2025-08-01 00:00:00,ORD001967,300866,buy,100,123.92,12392.0,5.0,0.0,12.392,17.392,-12374.608
2025-08-01 00:00:00,ORD001968,000538,buy,200,56.08,11216.0,5.0,0.0,11.216000000000001,16.216,-11199.784
2025-08-01 00:00:00,ORD001969,000333,buy,100,70.2,7020.0,5.0,0.0,7.0200000000000005,12.02,-7007.98
2025-08-01 00:00:00,ORD001970,002027,buy,1800,7.5,13500.0,5.0,0.0,13.5,18.5,-13481.5
2025-08-01 00:00:00,ORD001971,600515,buy,3700,3.92,14504.0,5.0,0.0,14.504,19.503999999999998,-14484.496
2025-08-01 00:00:00,ORD001972,002920,buy,100,101.6,10160.0,5.0,0.0,10.16,15.16,-10144.84
2025-08-01 00:00:00,ORD001973,002236,buy,800,16.36,13088.0,5.0,0.0,13.088000000000001,18.088,-13069.912
2025-08-01 00:00:00,ORD001974,600886,buy,800,15.69,12552.0,5.0,0.0,12.552,17.552,-12534.448
2025-08-01 00:00:00,ORD001975,000630,buy,3900,3.47,13533.0,5.0,0.0,13.533,18.533,-13514.467
2025-08-01 00:00:00,ORD001976,600905,buy,3000,4.32,12960.0,5.0,0.0,12.96,17.96,-12942.04
2025-08-01 00:00:00,ORD001977,601607,buy,700,19.12,13384.0,5.0,0.0,13.384,18.384,-13365.616
2025-08-01 00:00:00,ORD001978,600346,buy,900,15.43,13887.0,5.0,0.0,13.887,18.887,-13868.113
2025-08-01 00:00:00,ORD001979,300832,buy,200,55.51,11102.0,5.0,0.0,11.102,16.102,-11085.898
2025-08-01 00:00:00,ORD001980,600009,buy,400,32.11,12844.0,5.0,0.0,12.844,17.844,-12826.156
2025-08-01 00:00:00,ORD001981,600406,buy,500,21.92,10960.0,5.0,0.0,10.96,15.96,-10944.04
2025-08-01 00:00:00,ORD001982,601186,buy,1600,8.05,12880.000000000002,5.0,0.0,12.880000000000003,17.880000000000003,-12862.120000000003
2025-08-01 00:00:00,ORD001983,000100,buy,3000,4.4,13200.000000000002,5.0,0.0,13.200000000000003,18.200000000000003,-13181.800000000001
2025-08-01 00:00:00,ORD001984,600219,buy,3400,3.92,13328.0,5.0,0.0,13.328,18.328,-13309.672
2025-08-01 00:00:00,ORD001985,601816,buy,2200,5.39,11858.0,5.0,0.0,11.858,16.858,-11841.142
2025-08-01 00:00:00,ORD001986,002493,buy,1500,9.15,13725.0,5.0,0.0,13.725,18.725,-13706.275
2025-08-01 00:00:00,ORD001987,600188,buy,1000,12.61,12610.0,5.0,0.0,12.61,17.61,-12592.39
2025-08-01 00:00:00,ORD001988,601088,buy,300,38.17,11451.0,5.0,0.0,11.451,16.451,-11434.549
2025-08-01 00:00:00,ORD001989,603288,buy,300,38.35,11505.0,5.0,0.0,11.505,16.505000000000003,-11488.495
2025-08-01 00:00:00,ORD001990,600588,buy,900,16.28,14652.000000000002,5.0,0.0,14.652000000000003,19.652,-14632.348000000002
2025-08-01 00:00:00,ORD001991,601728,buy,1700,7.46,12682.0,5.0,0.0,12.682,17.682000000000002,-12664.318
2025-09-01 00:00:00,ORD001992,002493,sell,2400,10.05,24120.0,7.236,12.06,24.12,43.416,24076.584
2025-09-01 00:00:00,ORD001993,601607,sell,1100,18.7,20570.0,6.170999999999999,10.285,20.57,37.025999999999996,20532.974000000002
2025-09-01 00:00:00,ORD001994,002938,sell,400,59.4,23760.0,7.127999999999999,11.88,23.76,42.768,23717.232
2025-09-01 00:00:00,ORD001995,688036,sell,100,91.0,9100.0,5.0,4.55,9.1,18.65,9081.35
2025-09-01 00:00:00,ORD001996,603296,sell,100,103.26,10326.0,5.0,5.163,10.326,20.489,10305.511
2025-09-01 00:00:00,ORD001997,601618,sell,11000,3.39,37290.0,11.187,18.645,37.29,67.122,37222.878000000004
2025-09-01 00:00:00,ORD001998,002236,sell,1200,19.49,23387.999999999996,7.016399999999998,11.693999999999999,23.387999999999998,42.0984,23345.901599999997
2025-09-01 00:00:00,ORD001999,000100,sell,4900,4.68,22932.0,6.879599999999999,11.466000000000001,22.932000000000002,41.27760000000001,22890.7224
2025-09-01 00:00:00,ORD002000,002241,sell,500,36.74,18370.0,5.510999999999999,9.185,18.37,33.066,18336.934
2025-09-01 00:00:00,ORD002001,600188,sell,1600,12.95,20720.0,6.215999999999999,10.36,20.72,37.296,20682.703999999998
2025-09-01 00:00:00,ORD002002,603288,sell,400,41.4,16560.0,5.0,8.28,16.56,29.839999999999996,16530.16
2025-09-01 00:00:00,ORD002003,600588,sell,2300,16.77,38571.0,11.571299999999999,19.2855,38.571,69.42779999999999,38501.572199999995
2025-09-01 00:00:00,ORD002004,600426,sell,500,27.21,13605.0,5.0,6.8025,13.605,25.4075,13579.5925
2025-09-01 00:00:00,ORD002005,000807,sell,800,19.39,15512.0,5.0,7.756,15.512,28.268,15483.732
2025-09-01 00:00:00,ORD002006,000425,sell,1400,9.55,13370.000000000002,5.0,6.685000000000001,13.370000000000003,25.055000000000007,13344.945000000002
2025-09-01 00:00:00,ORD002007,002625,sell,200,54.2,10840.0,5.0,5.42,10.84,21.259999999999998,10818.74
2025-09-01 00:00:00,ORD002008,601868,sell,5300,2.45,12985.000000000002,5.0,6.492500000000001,12.985000000000001,24.4775,12960.522500000001
2025-09-01 00:00:00,ORD002009,601390,sell,2100,5.65,11865.0,5.0,5.9325,11.865,22.7975,11842.2025
2025-09-01 00:00:00,ORD002010,000999,sell,200,30.44,6088.0,5.0,3.044,6.088,14.132000000000001,6073.868
2025-09-01 00:00:00,ORD002011,300433,sell,500,31.07,15535.0,5.0,7.7675,15.535,28.302500000000002,15506.6975
2025-09-01 00:00:00,ORD002013,002837,sell,400,81.62,32648.0,9.7944,16.324,32.648,58.766400000000004,32589.2336
2025-09-01 00:00:00,ORD002014,600346,sell,700,17.61,12327.0,5.0,6.1635,12.327,23.490499999999997,12303.5095
2025-09-01 00:00:00,ORD002015,000938,sell,400,29.81,11924.0,5.0,5.962,11.924,22.886,11901.114
2025-09-01 00:00:00,ORD002016,300661,sell,100,78.0,7800.0,5.0,3.9,7.8,16.7,7783.3
2025-09-01 00:00:00,ORD002017,601186,sell,1400,8.12,11367.999999999998,5.0,5.683999999999999,11.367999999999999,22.052,11345.947999999999
2025-09-01 00:00:00,ORD002018,002475,sell,300,46.1,13830.0,5.0,6.915,13.83,25.744999999999997,13804.255
2025-09-01 00:00:00,ORD002019,688008,sell,100,128.0,12800.0,5.0,6.4,12.8,24.200000000000003,12775.800000000001
2025-09-01 00:00:00,ORD002020,300498,sell,700,18.3,12810.0,5.0,6.405,12.81,24.215000000000003,12785.785
2025-09-01 00:00:00,ORD002021,601825,buy,2000,8.7,17400.0,5.22,0.0,17.400000000000002,22.62,-17377.379999999997
2025-09-01 00:00:00,ORD002022,000895,buy,700,25.22,17654.0,5.2962,0.0,17.654,22.9502,-17631.0498
2025-09-01 00:00:00,ORD002023,601009,buy,1600,11.14,17824.0,5.3472,0.0,17.824,23.171200000000002,-17800.8288
2025-09-01 00:00:00,ORD002024,000333,buy,200,75.0,15000.0,5.0,0.0,15.0,20.0,-14980.0
2025-09-01 00:00:00,ORD002025,600036,buy,400,42.62,17048.0,5.1144,0.0,17.048000000000002,22.1624,-17025.837600000003
2025-09-01 00:00:00,ORD002026,002027,buy,2500,8.31,20775.0,6.232499999999999,0.0,20.775000000000002,27.0075,-20747.9925
2025-09-01 00:00:00,ORD002027,600011,buy,2500,7.4,18500.0,5.55,0.0,18.5,24.05,-18475.95
2025-09-01 00:00:00,ORD002028,688396,buy,400,53.49,21396.0,6.418799999999999,0.0,21.396,27.814799999999998,-21368.1852
2025-09-01 00:00:00,ORD002029,600028,buy,3100,5.72,17732.0,5.319599999999999,0.0,17.732,23.0516,-17708.9484
2025-09-01 00:00:00,ORD002030,600025,buy,2000,9.11,18220.0,5.465999999999999,0.0,18.22,23.686,-18196.314
2025-09-01 00:00:00,ORD002031,600741,buy,1000,19.5,19500.0,5.85,0.0,19.5,25.35,-19474.65
2025-09-01 00:00:00,ORD002032,601668,buy,3300,5.62,18546.0,5.5638,0.0,18.546,24.1098,-18521.8902
2025-09-01 00:00:00,ORD002033,600066,buy,700,27.78,19446.0,5.833799999999999,0.0,19.446,25.2798,-19420.7202
2025-09-01 00:00:00,ORD002034,001965,buy,1600,10.4,16640.0,5.0,0.0,16.64,21.64,-16618.36
2025-09-01 00:00:00,ORD002035,601328,buy,2400,7.31,17544.0,5.263199999999999,0.0,17.544,22.8072,-17521.192799999997
2025-09-01 00:00:00,ORD002036,600905,buy,4300,4.25,18275.0,5.4825,0.0,18.275000000000002,23.7575,-18251.2425
2025-09-01 00:00:00,ORD002037,600900,buy,600,28.1,16860.0,5.058,0.0,16.86,21.918,-16838.082
2025-09-01 00:00:00,ORD002038,601877,buy,800,27.5,22000.0,6.6,0.0,22.0,28.6,-21971.4
2025-09-01 00:00:00,ORD002039,601872,buy,3100,6.55,20305.0,6.091499999999999,0.0,20.305,26.3965,-20278.6035
2025-09-01 00:00:00,ORD002040,601021,buy,300,53.3,15990.0,5.0,0.0,15.99,20.990000000000002,-15969.01
2025-09-01 00:00:00,ORD002041,003816,buy,5100,3.84,19584.0,5.8751999999999995,0.0,19.584,25.4592,-19558.540800000002
2025-09-01 00:00:00,ORD002042,000651,buy,400,42.59,17036.0,5.110799999999999,0.0,17.036,22.1468,-17013.8532
2025-09-01 00:00:00,ORD002043,600938,buy,700,25.69,17983.0,5.3949,0.0,17.983,23.3779,-17959.6221
2025-09-01 00:00:00,ORD002044,600018,buy,3300,5.66,18678.0,5.6034,0.0,18.678,24.2814,-18653.7186
2025-09-01 00:00:00,ORD002045,601006,buy,2800,6.29,17612.0,5.2836,0.0,17.612000000000002,22.8956,-17589.1044
2025-09-01 00:00:00,ORD002046,600887,buy,600,28.55,17130.0,5.138999999999999,0.0,17.13,22.269,-17107.731
2025-09-01 00:00:00,ORD002047,601838,buy,1000,18.45,18450.0,5.534999999999999,0.0,18.45,23.985,-18426.015
2025-09-01 00:00:00,ORD002048,601658,buy,3200,6.05,19360.0,5.808,0.0,19.36,25.168,-19334.832
2025-09-01 00:00:00,ORD002049,601857,buy,2100,8.72,18312.0,5.4936,0.0,18.312,23.805600000000002,-18288.194399999997
2025-09-01 00:00:00,ORD002050,600803,buy,1000,18.82,18820.0,5.646,0.0,18.82,24.466,-18795.534
2025-10-09 00:00:00,ORD002012,688521,sell,100,195.99,19599.0,5.8797,9.7995,19.599,35.2782,19563.7218
2025-10-09 00:00:00,ORD002051,002493,sell,1500,9.67,14505.0,5.0,7.2525,14.505,26.7575,14478.2425
2025-10-09 00:00:00,ORD002052,601607,sell,700,17.9,12529.999999999998,5.0,6.264999999999999,12.529999999999998,23.794999999999995,12506.204999999998
2025-10-09 00:00:00,ORD002053,601618,sell,4400,4.0,17600.0,5.279999999999999,8.8,17.6,31.68,17568.320000000003
2025-10-09 00:00:00,ORD002054,002236,sell,800,20.2,16160.0,5.0,8.08,16.16,29.240000000000002,16130.76
2025-10-09 00:00:00,ORD002055,000100,sell,3000,4.33,12990.0,5.0,6.495,12.99,24.485,12965.515
2025-10-09 00:00:00,ORD002056,603288,sell,300,38.88,11664.0,5.0,5.832,11.664,22.496000000000002,11641.503999999999
2025-10-09 00:00:00,ORD002057,600588,sell,900,15.6,14040.0,5.0,7.0200000000000005,14.040000000000001,26.060000000000002,14013.939999999999
2025-10-09 00:00:00,ORD002059,601872,sell,1900,8.45,16054.999999999998,5.0,8.0275,16.055,29.0825,16025.917499999998
2025-10-09 00:00:00,ORD002060,600346,sell,900,17.06,15353.999999999998,5.0,7.677,15.354,28.031,15325.969
2025-10-09 00:00:00,ORD002061,601186,sell,1600,7.85,12560.0,5.0,6.28,12.56,23.840000000000003,12536.16
2025-10-09 00:00:00,ORD002062,600803,sell,600,17.97,10782.0,5.0,5.391,10.782,21.173000000000002,10760.827000000001
2025-10-09 00:00:00,ORD002063,601988,sell,2300,5.18,11914.0,5.0,5.957,11.914,22.871000000000002,11891.128999999999
2025-10-09 00:00:00,ORD002064,300866,sell,100,122.44,12244.0,5.0,6.122,12.244,23.366,12220.634
2025-10-09 00:00:00,ORD002065,000538,sell,200,56.78,11356.0,5.0,5.678,11.356,22.034,11333.966
2025-10-09 00:00:00,ORD002066,000333,sell,100,72.35,7234.999999999999,5.0,3.6174999999999997,7.234999999999999,15.8525,7219.147499999999
2025-10-09 00:00:00,ORD002067,002027,sell,1800,8.07,14526.0,5.0,7.263,14.526,26.789,14499.211
2025-10-09 00:00:00,ORD002068,600515,sell,3700,4.15,15355.000000000002,5.0,7.677500000000001,15.355000000000002,28.032500000000006,15326.967500000002
2025-10-09 00:00:00,ORD002069,002920,sell,100,151.88,15188.0,5.0,7.594,15.188,27.782000000000004,15160.218
2025-10-09 00:00:00,ORD002070,600886,sell,800,13.1,10480.0,5.0,5.24,10.48,20.72,10459.28
2025-10-09 00:00:00,ORD002071,000630,sell,3900,5.72,22308.0,6.692399999999999,11.154,22.308,40.154399999999995,22267.8456
2025-10-09 00:00:00,ORD002072,600905,sell,3000,4.26,12780.0,5.0,6.390000000000001,12.780000000000001,24.17,12755.83
2025-10-09 00:00:00,ORD002073,300832,sell,200,66.6,13319.999999999998,5.0,6.659999999999999,13.319999999999999,24.979999999999997,13295.019999999999
2025-10-09 00:00:00,ORD002074,600009,sell,400,31.89,12756.0,5.0,6.378,12.756,24.134,12731.866
2025-10-09 00:00:00,ORD002075,600406,sell,500,23.3,11650.0,5.0,5.825,11.65,22.475,11627.525
2025-10-09 00:00:00,ORD002076,600219,sell,3400,4.04,13736.0,5.0,6.868,13.736,25.604,13710.395999999999
2025-10-09 00:00:00,ORD002077,601816,sell,2200,5.14,11308.0,5.0,5.654,11.308,21.962,11286.037999999999
2025-10-09 00:00:00,ORD002078,601088,sell,300,38.28,11484.0,5.0,5.742,11.484,22.226,11461.774
2025-10-09 00:00:00,ORD002079,601728,sell,1700,6.66,11322.0,5.0,5.6610000000000005,11.322000000000001,21.983000000000004,11300.017
2025-10-09 00:00:00,ORD002080,600760,buy,200,71.0,14200.0,5.0,0.0,14.200000000000001,19.200000000000003,-14180.8
2025-10-09 00:00:00,ORD002081,600023,buy,3200,5.0,16000.0,5.0,0.0,16.0,21.0,-15979.0
2025-10-09 00:00:00,ORD002082,600690,buy,600,25.1,15060.0,5.0,0.0,15.06,20.060000000000002,-15039.94
2025-10-09 00:00:00,ORD002083,000895,buy,600,24.74,14843.999999999998,5.0,0.0,14.843999999999998,19.843999999999998,-14824.155999999999
2025-10-09 00:00:00,ORD002084,001391,buy,2400,6.55,15720.0,5.0,0.0,15.72,20.72,-15699.28
2025-10-09 00:00:00,ORD002085,000157,buy,2200,8.05,17710.0,5.313,0.0,17.71,23.023,-17686.977000000003
2025-10-09 00:00:00,ORD002086,600015,buy,2100,6.58,13818.0,5.0,0.0,13.818,18.817999999999998,-13799.182
2025-10-09 00:00:00,ORD002087,600036,buy,300,40.21,12063.0,5.0,0.0,12.063,17.063000000000002,-12045.937
2025-10-09 00:00:00,ORD002088,600011,buy,2200,7.06,15532.0,5.0,0.0,15.532,20.532,-15511.468
2025-10-09 00:00:00,ORD002089,000975,buy,800,24.88,19904.0,5.9712,0.0,19.904,25.8752,-19878.1248
2025-10-09 00:00:00,ORD002090,600585,buy,600,23.22,13932.0,5.0,0.0,13.932,18.932000000000002,-13913.068
2025-10-09 00:00:00,ORD002091,600025,buy,1800,9.47,17046.0,5.1137999999999995,0.0,17.046,22.159799999999997,-17023.840200000002
2025-10-09 00:00:00,ORD002092,601766,buy,2100,7.48,15708.0,5.0,0.0,15.708,20.708,-15687.292
2025-10-09 00:00:00,ORD002093,001965,buy,1500,9.74,14610.0,5.0,0.0,14.61,19.61,-14590.39
2025-10-09 00:00:00,ORD002094,600019,buy,2300,7.12,16376.0,5.0,0.0,16.376,21.376,-16354.624
2025-10-09 00:00:00,ORD002095,601800,buy,1800,8.73,15714.0,5.0,0.0,15.714,20.714,-15693.286
2025-10-09 00:00:00,ORD002096,003816,buy,4200,3.64,15288.0,5.0,0.0,15.288,20.288,-15267.712
2025-10-09 00:00:00,ORD002097,688009,buy,2900,5.4,15660.000000000002,5.0,0.0,15.660000000000002,20.660000000000004,-15639.340000000002
2025-10-09 00:00:00,ORD002098,600674,buy,1100,14.34,15774.0,5.0,0.0,15.774000000000001,20.774,-15753.226
2025-10-09 00:00:00,ORD002099,000166,buy,3000,5.35,16049.999999999998,5.0,0.0,16.049999999999997,21.049999999999997,-16028.949999999999
2025-10-09 00:00:00,ORD002100,600372,buy,1200,12.6,15120.0,5.0,0.0,15.120000000000001,20.12,-15099.88
2025-10-09 00:00:00,ORD002101,601225,buy,800,20.0,16000.0,5.0,0.0,16.0,21.0,-15979.0
2025-10-09 00:00:00,ORD002102,600018,buy,2900,5.47,15863.0,5.0,0.0,15.863,20.863,-15842.137
2025-10-09 00:00:00,ORD002103,601318,buy,200,55.04,11008.0,5.0,0.0,11.008000000000001,16.008000000000003,-10991.992
2025-10-09 00:00:00,ORD002104,000708,buy,1200,13.77,16524.0,5.0,0.0,16.524,21.524,-16502.476
2025-10-09 00:00:00,ORD002105,601838,buy,800,17.17,13736.000000000002,5.0,0.0,13.736000000000002,18.736000000000004,-13717.264000000001
2025-10-09 00:00:00,ORD002106,000001,buy,1300,11.33,14729.0,5.0,0.0,14.729000000000001,19.729,-14709.271
2025-10-09 00:00:00,ORD002107,600115,buy,4000,4.09,16360.0,5.0,0.0,16.36,21.36,-16338.64
2025-10-09 00:00:00,ORD002108,600188,buy,1200,13.31,15972.0,5.0,0.0,15.972,20.972,-15951.028
2025-10-09 00:00:00,ORD002109,000963,buy,300,41.44,12432.0,5.0,0.0,12.432,17.432000000000002,-12414.568
2025-11-03 00:00:00,ORD002110,600188,sell,1000,14.83,14830.0,5.0,7.415,14.83,27.244999999999997,14802.755
2025-11-03 00:00:00,ORD002111,601872,sell,3100,9.24,28644.0,8.5932,14.322000000000001,28.644000000000002,51.559200000000004,28592.4408
2025-11-03 00:00:00,ORD002112,600803,sell,1000,19.48,19480.0,5.843999999999999,9.74,19.48,35.064,19444.935999999998
2025-11-03 00:00:00,ORD002113,000333,sell,200,76.39,15278.0,5.0,7.639,15.278,27.917,15250.083
2025-11-03 00:00:00,ORD002114,002027,sell,2500,7.78,19450.0,5.834999999999999,9.725,19.45,35.01,19414.99
2025-11-03 00:00:00,ORD002115,600905,sell,4300,4.25,18275.0,5.4825,9.137500000000001,18.275000000000002,32.895,18242.105
2025-11-03 00:00:00,ORD002116,601825,sell,2000,8.54,17080.0,5.124,8.540000000000001,17.080000000000002,30.744000000000003,17049.255999999998
2025-11-03 00:00:00,ORD002117,000895,sell,700,25.75,18025.0,5.4075,9.012500000000001,18.025000000000002,32.44500000000001,17992.554999999997
2025-11-03 00:00:00,ORD002118,601009,sell,1600,11.29,18064.0,5.419199999999999,9.032,18.064,32.5152,18031.484800000002
2025-11-03 00:00:00,ORD002119,600036,sell,400,41.14,16456.0,5.0,8.228,16.456,29.683999999999997,16426.316000000003
2025-11-03 00:00:00,ORD002120,600011,sell,2500,8.15,20375.0,6.1125,10.1875,20.375,36.675,20338.325
2025-11-03 00:00:00,ORD002121,688396,sell,400,50.5,20200.0,6.06,10.1,20.2,36.36,20163.64
2025-11-03 00:00:00,ORD002122,600028,sell,3100,5.47,16957.0,5.0870999999999995,8.4785,16.957,30.5226,16926.4774
2025-11-03 00:00:00,ORD002123,600741,sell,1000,20.42,20420.0,6.1259999999999994,10.21,20.42,36.756,20383.244000000002
2025-11-03 00:00:00,ORD002124,601668,sell,3300,5.45,17985.0,5.395499999999999,8.9925,17.985,32.373,17952.627
2025-11-03 00:00:00,ORD002125,600066,sell,700,32.25,22575.0,6.772499999999999,11.2875,22.575,40.635,22534.365
2025-11-03 00:00:00,ORD002126,001965,sell,1600,10.27,16432.0,5.0,8.216,16.432,29.647999999999996,16402.352
2025-11-03 00:00:00,ORD002127,601328,sell,2400,7.18,17232.0,5.1696,8.616,17.232,31.017599999999998,17200.982399999997
2025-11-03 00:00:00,ORD002128,600900,sell,600,28.11,16866.0,5.059799999999999,8.433,16.866,30.3588,16835.6412
2025-11-03 00:00:00,ORD002129,601877,sell,800,28.66,22928.0,6.878399999999999,11.464,22.928,41.270399999999995,22886.7296
2025-11-03 00:00:00,ORD002130,601021,sell,300,53.27,15981.000000000002,5.0,7.990500000000001,15.981000000000002,28.971500000000002,15952.028500000002
2025-11-03 00:00:00,ORD002131,003816,sell,5100,3.97,20247.0,6.0741,10.1235,20.247,36.4446,20210.555399999997
2025-11-03 00:00:00,ORD002132,000651,sell,400,39.65,15860.0,5.0,7.930000000000001,15.860000000000001,28.79,15831.21
2025-11-03 00:00:00,ORD002133,600938,sell,700,27.14,18998.0,5.6994,9.499,18.998,34.1964,18963.8036
2025-11-03 00:00:00,ORD002134,600018,sell,3300,5.59,18447.0,5.5341,9.2235,18.447,33.2046,18413.7954
2025-11-03 00:00:00,ORD002135,601006,sell,2800,5.73,16044.000000000002,5.0,8.022,16.044,29.066000000000003,16014.934000000001
2025-11-03 00:00:00,ORD002136,600887,sell,600,27.41,16446.0,5.0,8.223,16.446,29.669000000000004,16416.331
2025-11-03 00:00:00,ORD002137,601838,sell,1000,16.81,16810.0,5.042999999999999,8.405,16.81,30.257999999999996,16779.742
2025-11-03 00:00:00,ORD002138,601658,sell,3200,5.74,18368.0,5.5104,9.184000000000001,18.368000000000002,33.062400000000004,18334.9376
2025-11-03 00:00:00,ORD002139,601857,sell,2100,9.19,19299.0,5.7897,9.6495,19.299,34.7382,19264.2618
2025-11-03 00:00:00,ORD002140,002415,buy,400,32.88,13152.000000000002,5.0,0.0,13.152000000000003,18.152,-13133.848000000002
2025-11-03 00:00:00,ORD002141,603392,buy,200,55.78,11156.0,5.0,0.0,11.156,16.156,-11139.844
2025-11-03 00:00:00,ORD002142,601788,buy,700,18.6,13020.000000000002,5.0,0.0,13.020000000000001,18.020000000000003,-13001.980000000001
2025-11-03 00:00:00,ORD002143,601618,buy,3500,3.5,12250.0,5.0,0.0,12.25,17.25,-12232.75
2025-11-03 00:00:00,ORD002144,601669,buy,2500,5.64,14100.0,5.0,0.0,14.1,19.1,-14080.9
2025-11-03 00:00:00,ORD002145,000858,buy,100,118.5,11850.0,5.0,0.0,11.85,16.85,-11833.15
2025-11-03 00:00:00,ORD002146,002001,buy,500,24.45,12225.0,5.0,0.0,12.225,17.225,-12207.775
2025-11-03 00:00:00,ORD002147,603369,buy,300,38.64,11592.0,5.0,0.0,11.592,16.592,-11575.408
2025-11-03 00:00:00,ORD002148,000568,buy,100,133.98,13397.999999999998,5.0,0.0,13.397999999999998,18.397999999999996,-13379.601999999999
2025-11-03 00:00:00,ORD002149,600025,buy,1500,9.78,14669.999999999998,5.0,0.0,14.669999999999998,19.669999999999998,-14650.329999999998
2025-11-03 00:00:00,ORD002150,002304,buy,200,70.66,14132.0,5.0,0.0,14.132,19.131999999999998,-14112.868
2025-11-03 00:00:00,ORD002151,002648,buy,700,18.0,12600.0,5.0,0.0,12.6,17.6,-12582.4
2025-11-03 00:00:00,ORD002152,601456,buy,1200,10.98,13176.0,5.0,0.0,13.176,18.176000000000002,-13157.824
2025-11-03 00:00:00,ORD002153,600570,buy,400,31.48,12592.0,5.0,0.0,12.592,17.592,-12574.408
2025-11-03 00:00:00,ORD002154,603260,buy,200,49.55,9910.0,5.0,0.0,9.91,14.91,-9895.09
2025-11-03 00:00:00,ORD002155,000166,buy,2600,5.45,14170.0,5.0,0.0,14.17,19.17,-14150.83
2025-11-03 00:00:00,ORD002156,600219,buy,3500,4.66,16310.0,5.0,0.0,16.31,21.31,-16288.69
2025-11-03 00:00:00,ORD002157,600029,buy,2300,6.66,15318.0,5.0,0.0,15.318,20.317999999999998,-15297.682
2025-11-03 00:00:00,ORD002158,601336,buy,200,67.41,13482.0,5.0,0.0,13.482000000000001,18.482,-13463.518
2025-11-03 00:00:00,ORD002159,600309,buy,200,62.85,12570.0,5.0,0.0,12.57,17.57,-12552.43
2025-11-03 00:00:00,ORD002160,688223,buy,2500,5.9,14750.0,5.0,0.0,14.75,19.75,-14730.25
2025-11-03 00:00:00,ORD002161,600160,buy,300,35.32,10596.0,5.0,0.0,10.596,15.596,-10580.404
2025-11-03 00:00:00,ORD002162,600438,buy,600,25.0,15000.0,5.0,0.0,15.0,20.0,-14980.0
2025-11-03 00:00:00,ORD002163,600660,buy,100,67.6,6759.999999999999,5.0,0.0,6.759999999999999,11.759999999999998,-6748.239999999999
2025-11-03 00:00:00,ORD002164,601100,buy,100,95.82,9582.0,5.0,0.0,9.582,14.582,-9567.418
2025-12-01 00:00:00,ORD002165,600188,sell,1200,13.92,16704.0,5.0112,8.352,16.704,30.0672,16673.9328
2025-12-01 00:00:00,ORD002166,600036,sell,300,43.08,12924.0,5.0,6.462,12.924,24.386,12899.614
2025-12-01 00:00:00,ORD002167,600011,sell,2200,7.77,17094.0,5.1282,8.547,17.094,30.7692,17063.2308
2025-12-01 00:00:00,ORD002168,600025,sell,3800,9.47,35986.0,10.7958,17.993000000000002,35.986000000000004,64.7748,35921.2252
2025-12-01 00:00:00,ORD002169,001965,sell,1500,9.93,14895.0,5.0,7.4475,14.895,27.3425,14867.6575
2025-12-01 00:00:00,ORD002170,003816,sell,4200,3.77,15834.0,5.0,7.917,15.834,28.750999999999998,15805.249
2025-12-01 00:00:00,ORD002171,600018,sell,2900,5.47,15863.0,5.0,7.9315,15.863,28.7945,15834.2055
2025-12-01 00:00:00,ORD002172,601838,sell,800,16.88,13504.0,5.0,6.752,13.504,25.256,13478.743999999999
2025-12-01 00:00:00,ORD002173,600760,sell,200,58.7,11740.0,5.0,5.87,11.74,22.61,11717.39
2025-12-01 00:00:00,ORD002174,600023,sell,3200,5.04,16128.0,5.0,8.064,16.128,29.192,16098.807999999999
2025-12-01 00:00:00,ORD002175,600690,sell,600,27.57,16542.0,5.0,8.271,16.542,29.813000000000002,16512.186999999998
2025-12-01 00:00:00,ORD002176,001391,sell,2400,6.32,15168.0,5.0,7.5840000000000005,15.168000000000001,27.752000000000002,15140.248
2025-12-01 00:00:00,ORD002177,000157,sell,2200,8.1,17820.0,5.345999999999999,8.91,17.82,32.076,17787.924
2025-12-01 00:00:00,ORD002178,600015,sell,2100,6.93,14553.0,5.0,7.2765,14.553,26.829500000000003,14526.1705
2025-12-01 00:00:00,ORD002179,000975,sell,800,21.99,17592.0,5.2776,8.796,17.592,31.665599999999998,17560.3344
2025-12-01 00:00:00,ORD002180,600585,sell,600,22.75,13650.0,5.0,6.825,13.65,25.475,13624.525
2025-12-01 00:00:00,ORD002181,601766,sell,2100,7.2,15120.0,5.0,7.5600000000000005,15.120000000000001,27.68,15092.32
2025-12-01 00:00:00,ORD002182,600019,sell,2300,7.25,16675.0,5.0024999999999995,8.3375,16.675,30.015,16644.985
2025-12-01 00:00:00,ORD002183,601800,sell,1800,8.52,15336.0,5.0,7.668,15.336,28.003999999999998,15307.996000000001
2025-12-01 00:00:00,ORD002184,600674,sell,1100,14.57,16027.0,5.0,8.0135,16.027,29.0405,15997.9595
2025-12-01 00:00:00,ORD002185,000166,sell,3000,5.14,15419.999999999998,5.0,7.709999999999999,15.419999999999998,28.129999999999995,15391.869999999999
2025-12-01 00:00:00,ORD002186,601225,sell,800,22.5,18000.0,5.3999999999999995,9.0,18.0,32.4,17967.6
2025-12-01 00:00:00,ORD002187,601318,sell,200,58.91,11782.0,5.0,5.891,11.782,22.673000000000002,11759.327000000001
2025-12-01 00:00:00,ORD002188,000708,sell,1200,15.6,18720.0,5.616,9.36,18.72,33.696,18686.303999999996
2025-12-01 00:00:00,ORD002189,000001,sell,1300,11.6,15080.0,5.0,7.54,15.08,27.619999999999997,15052.38
2025-12-01 00:00:00,ORD002190,600115,sell,4000,5.04,20160.0,6.047999999999999,10.08,20.16,36.288,20123.712
2025-12-01 00:00:00,ORD002191,000963,sell,300,41.81,12543.0,5.0,6.2715000000000005,12.543000000000001,23.814500000000002,12519.1855
2025-12-01 00:00:00,ORD002192,601066,buy,800,24.82,19856.0,5.956799999999999,0.0,19.856,25.812800000000003,-19830.1872
2025-12-01 00:00:00,ORD002193,000895,buy,800,26.99,21592.0,6.4776,0.0,21.592,28.069599999999998,-21563.9304
2025-12-01 00:00:00,ORD002194,601009,buy,1900,11.57,21983.0,6.594899999999999,0.0,21.983,28.5779,-21954.4221
2025-12-01 00:00:00,ORD002195,000333,buy,200,79.8,15960.0,5.0,0.0,15.96,20.96,-15939.04
2025-12-01 00:00:00,ORD002196,000596,buy,100,167.1,16710.0,5.013,0.0,16.71,21.723,-16688.277000000002
2025-12-01 00:00:00,ORD002197,000301,buy,2300,9.65,22195.0,6.658499999999999,0.0,22.195,28.8535,-22166.1465
2025-12-01 00:00:00,ORD002198,601360,buy,1700,13.5,22950.0,6.885,0.0,22.95,29.835,-22920.165
2025-12-01 00:00:00,ORD002199,600809,buy,100,193.52,19352.0,5.805599999999999,0.0,19.352,25.1576,-19326.8424
2025-12-01 00:00:00,ORD002200,601633,buy,900,21.91,19719.0,5.915699999999999,0.0,19.719,25.634700000000002,-19693.365299999998
2025-12-01 00:00:00,ORD002201,000568,buy,100,136.0,13600.0,5.0,0.0,13.6,18.6,-13581.4
2025-12-01 00:00:00,ORD002202,002304,buy,300,66.17,19851.0,5.955299999999999,0.0,19.851,25.8063,-19825.1937
2025-12-01 00:00:00,ORD002203,600905,buy,5100,4.18,21318.0,6.3953999999999995,0.0,21.318,27.7134,-21290.2866
2025-12-01 00:00:00,ORD002204,601607,buy,1200,17.81,21372.0,6.411599999999999,0.0,21.372,27.7836,-21344.2164
2025-12-01 00:00:00,ORD002205,300832,buy,300,58.88,17664.0,5.2992,0.0,17.664,22.9632,-17641.036799999998
2025-12-01 00:00:00,ORD002206,601021,buy,400,54.96,21984.0,6.595199999999999,0.0,21.984,28.5792,-21955.4208
2025-12-01 00:00:00,ORD002207,601018,buy,5800,3.81,22098.0,6.6293999999999995,0.0,22.098,28.7274,-22069.272599999997
2025-12-01 00:00:00,ORD002208,688472,buy,1300,17.36,22568.0,6.7703999999999995,0.0,22.568,29.3384,-22538.6616
2025-12-01 00:00:00,ORD002209,688009,buy,4100,5.2,21320.0,6.395999999999999,0.0,21.32,27.716,-21292.284
2025-12-01 00:00:00,ORD002210,300760,buy,100,204.0,20400.0,6.119999999999999,0.0,20.400000000000002,26.520000000000003,-20373.48
2025-12-01 00:00:00,ORD002211,600372,buy,1800,12.15,21870.0,6.560999999999999,0.0,21.87,28.431,-21841.569
2025-12-01 00:00:00,ORD002212,002311,buy,300,55.8,16740.0,5.021999999999999,0.0,16.740000000000002,21.762,-16718.237999999998
2025-12-01 00:00:00,ORD002213,300442,buy,400,48.09,19236.0,5.7707999999999995,0.0,19.236,25.0068,-19210.9932
2025-12-01 00:00:00,ORD002214,001979,buy,2300,9.2,21160.0,6.348,0.0,21.16,27.508,-21132.492
2025-12-01 00:00:00,ORD002215,601658,buy,3800,5.66,21508.0,6.452399999999999,0.0,21.508,27.9604,-21480.0396
2025-12-01 00:00:00,ORD002216,300498,buy,1200,17.96,21552.0,6.465599999999999,0.0,21.552,28.017599999999998,-21523.9824
2025-12-01 00:00:00,ORD002217,600436,buy,100,171.74,17174.0,5.1522,0.0,17.174,22.3262,-17151.6738
2025-12-01 00:00:00,ORD002218,600027,buy,4000,5.15,20600.0,6.18,0.0,20.6,26.78,-20573.22
2025-12-01 00:00:00,ORD002219,600588,buy,1400,14.25,19950.0,5.984999999999999,0.0,19.95,25.935,-19924.065
